word2,he,she,total,logratio,freq
snuggles,2.5096062149003688e-5,1.875830445770263e-4,43,2.901996517979367,7.474600734700257
giggles,1.4221101884435422e-4,7.659640986895241e-4,196,2.4292435208442362,5.386109352945775
squeals,3.9038318898450176e-5,1.9800432483130551e-4,50,2.342569109365349,5.072050498546605
sobs,1.0038424859601475e-4,4.4811505093400724e-4,120,2.1583362712391527,4.463997661001542
weeps,6.134592969756457e-5,2.5011072610270173e-4,68,2.027527400063226,4.077054946200141
blushes,8.923044319645755e-5,3.28270328009796e-4,93,1.8792764414792837,3.6789050491102833
clings,1.1432650534546124e-4,3.9600864966261103e-4,115,1.7923720268048688,3.463839364861095
rocks,5.855747834767527e-5,1.7716176432274705e-4,53,1.5971419364509465,3.0254336307120093
shrieks,1.1432650534546124e-4,3.334809681369356e-4,103,1.5444445133612836,2.9169173598830276
hugs,5.939401375264205e-4,0.0017299325222103535,543,1.5423263291004539,2.912637844977096
shrinks,4.7403672948118074e-5,1.354766433056301e-4,41,1.51497339487012,2.8579355750324518
gasps,4.7682518083107006e-4,0.0012766068311492068,414,1.42078194209604,2.6773058187157357
responds,2.0355694854191878e-4,5.419065732225204e-4,175,1.4126116772404422,2.6621865630439276
trembles,5.576902699778597e-5,1.4589792355990932e-4,46,1.3874233451496087,2.61611025714509
pets,5.0192124298007376e-5,1.302660031784905e-4,41,1.3759277063117796,2.5953474773264786
flinches,1.5336482424391142e-4,3.9600864966261103e-4,129,1.368564317898293,2.5821347992600887
arches,8.923044319645755e-5,2.2405752546700362e-4,73,1.3282612726814653,2.510998684313368
utters,5.298057564789667e-5,1.302660031784905e-4,42,1.2979251943105066,2.4587502416777167
shudders,1.3663411614457563e-4,3.28270328009796e-4,110,1.2645665973640754,2.402550236153654
startles,5.855747834767527e-5,1.406872834327697e-4,46,1.2645665973640754,2.402550236153654
buries,1.728839836931365e-4,4.116405700440299e-4,139,1.251580955769595,2.3810220082311306
swats,7.249973509712176e-5,1.7195112419560743e-4,57,1.2459509191967286,2.3717483100491203
murmurs,8.365354049667896e-5,1.9800432483130551e-4,66,1.2430334358144342,2.3669568993217482
resists,9.480734589623615e-5,2.2405752546700362e-4,75,1.2407984314311258,2.363292879353758
hovers,5.576902699778597e-5,1.302660031784905e-4,43,1.2239246128667294,2.3358127295938305
caresses,1.3663411614457563e-4,3.1263840762837714e-4,107,1.1941772694726773,2.288143082051099
awakens,8.365354049667896e-5,1.875830445770263e-4,64,1.165030923813161,2.2423802204100776
shivers,1.7009553234324722e-4,3.69955449026913e-4,130,1.121006299921163,2.1749862793595014
screams,0.0014332639938430993,0.0031003308756480732,1107,1.113117826980795,2.163126185382614
dances,2.007684971920295e-4,4.324831305525884e-4,153,1.1071109478839796,2.154138406180977
beats,9.201889454634685e-5,1.9800432483130551e-4,69,1.105529912064499,2.1517789993834073
absently,7.528818644701106e-5,1.615298439413282e-4,56,1.1013053262027739,2.145487247923222
flees,5.855747834767527e-5,1.2505536305135087e-4,43,1.094641595921763,2.1356002099143594
cleans,9.759579724612544e-5,1.9800432483130551e-4,71,1.020641014477986,2.0288201994186412
stirs,2.6769132958937264e-4,5.419065732225204e-4,198,1.0174737353993035,2.0243710323146535
straddles,7.528818644701106e-5,1.5110856368704895e-4,54,1.0050900109434708,2.0070687157991434
cries,4.991327916301845e-4,9.84810984029388e-4,366,0.9804231649361833,1.9730440486848444
moans,2.0355694854191878e-4,3.9600864966261103e-4,147,0.9600994725429354,1.945444026839793
bites,3.0394119713793354e-4,5.888023343667769e-4,220,0.9539911556176284,1.9372245023420391
realises,9.201889454634685e-5,1.7716176432274705e-4,65,0.9450652398712531,1.925275946816733
mouths,1.2548031074501842e-4,2.396894458484225e-4,89,0.9337053777067055,1.9101757433122883
accepts,1.728839836931365e-4,3.28270328009796e-4,123,0.9250801310924085,1.8987897027665979
wore,8.923044319645755e-5,1.667404840684678e-4,62,0.9019965179793673,1.8686501836750646
smiles,0.008591218609008928,0.015965401349555795,6143,0.8940141328649732,1.85833955299591
laughs,0.002568163693248044,0.004720839955188495,1825,0.8783064119342666,1.838216141595666
wrote,1.2548031074501842e-4,2.2926816559414324e-4,87,0.8695750402869898,1.827124624037841
serves,8.644199184656825e-5,1.5631920381418857e-4,59,0.8546908032010105,1.808371145491998
scoots,6.692283239734316e-5,1.1984472292421124e-4,45,0.8405959733152242,1.7907897593552704
liked,6.413438104745386e-5,1.1463408279707162e-4,43,0.8378661805596517,1.7874045235152791
arranges,6.134592969756457e-5,1.09423442669932e-4,41,0.8348823221208302,1.7837115389625615
scampers,6.134592969756457e-5,1.09423442669932e-4,41,0.8348823221208302,1.7837115389625615
storms,3.429795160363837e-4,6.044342547481958e-4,237,0.8174630077676994,1.7623042382626624
twirls,9.759579724612544e-5,1.7195112419560743e-4,66,0.8171076203928543,1.7618701731793467
softens,8.923044319645755e-5,1.5631920381418857e-4,60,0.8088871135878858,1.751859547195373
ignores,4.7682518083107006e-4,8.232811400880598e-4,327,0.7879247512705722,1.7265890586003518
softly,6.971128374723247e-5,1.1984472292421124e-4,46,0.7817022842616554,1.7191581689810593
faints,6.692283239734316e-5,1.1463408279707162e-4,44,0.7764656358955084,1.712929335035476
wonders,6.692283239734316e-5,1.1463408279707162e-4,44,0.7764656358955084,1.712929335035476
fades,6.413438104745386e-5,1.09423442669932e-4,42,0.7707519847011146,1.7061588633554936
sags,1.2826876209490773e-4,2.18846885339864e-4,86,0.7707519847011146,1.7061588633554936
hesitates,0.001466725410041771,0.0024281582992470626,990,0.7272636733413451,1.655496170328099
casts,1.4499947019424352e-4,2.396894458484225e-4,96,0.7251187558952878,1.6530367009433262
applies,9.480734589623615e-5,1.5631920381418857e-4,62,0.7214242723375464,1.6488089855956451
hisses,9.480734589623615e-5,1.5631920381418857e-4,62,0.7214242723375464,1.6488089855956451
fiddles,9.201889454634685e-5,1.5110856368704895e-4,60,0.7155833937484859,1.64214713110839
kisses,0.0032373920172214755,0.005278378448792434,2172,0.7052627199149388,1.630441546996417
sings,4.963443402802952e-4,8.076492197066409e-4,331,0.7023874922872068,1.6271953846608704
awkwardly,6.413438104745386e-5,1.0421280254279238e-4,41,0.7003626568097168,1.6249132031957083
smokes,1.924031431423616e-4,3.1263840762837714e-4,127,0.7003626568097165,1.624913203195708
stretches,2.9278739173837636e-4,4.7416825156970535e-4,194,0.6955456405119409,1.6194968258517226
sips,4.29421507882952e-4,6.930151369095694e-4,285,0.6904924127856554,1.6138342495375557
unbuttons,1.2269185939512914e-4,1.9800432483130551e-4,80,0.6904924127856553,1.6138342495375555
stiffens,1.1990340804523983e-4,1.9279368470416592e-4,78,0.6851851289062192,1.6079082975808696
hurriedly,9.759579724612544e-5,1.5631920381418857e-4,63,0.6796040966429193,1.6017001574357697
hurries,0.0011404766021047231,0.001818513404371727,756,0.6731227112472705,1.594520572377989
dries,1.3105721344479704e-4,2.0842560508558476e-4,85,0.669335761189092,1.5903405818511185
look,1.2269185939512914e-4,1.9279368470416592e-4,79,0.6520182649710197,1.5713649271813042
locates,6.971128374723247e-5,1.09423442669932e-4,44,0.6504577509834026,1.569666154287054
threw,6.971128374723247e-5,1.09423442669932e-4,44,0.6504577509834026,1.569666154287054
smooths,8.644199184656825e-5,1.354766433056301e-4,55,0.6482399257335844,1.5672549927597317
nods,0.0050387315892499625,0.007847224031472266,3311,0.6391217817866957,1.5573808392997492
stubs,6.692283239734316e-5,1.0421280254279238e-4,42,0.6389621121455733,1.557208486395887
instantly,1.3105721344479704e-4,2.0321496495844514e-4,84,0.632809885163978,1.5505820673048405
reappears,9.759579724612544e-5,1.5110856368704895e-4,62,0.6306944961619729,1.5483101521879106
wraps,4.935558889304059e-4,7.607534585623844e-4,321,0.6242155267763869,1.5413724678901661
clearly,1.4221101884435422e-4,2.18846885339864e-4,91,0.6218885987866319,1.5388883865559355
refuses,1.2548031074501842e-4,1.9279368470416592e-4,80,0.6195967872786424,1.5364457065772754
tiptoes,9.201889454634685e-5,1.406872834327697e-4,58,0.6124899007843821,1.5288956048250526
lingers,7.528818644701106e-5,1.1463408279707162e-4,47,0.606540634453196,1.5226038533648674
beams,1.896146917924723e-4,2.8658520699267903e-4,121,0.5958933902536874,1.511408236796008
pivots,7.249973509712176e-5,1.09423442669932e-4,45,0.5938742226170353,1.5092943791221674
curls,8.644199184656825e-5,1.302660031784905e-4,54,0.5916563973672168,1.506975954576665
glides,1.1432650534546124e-4,1.7195112419560743e-4,72,0.588838632719737,1.5040355136896861
strokes,4.099023484337269e-4,6.096448948753354e-4,262,0.5726888927264073,1.4872930033332146
meant,8.086508914678966e-5,1.1984472292421124e-4,50,0.5675774789088078,1.4820329042940166
abruptly,1.4778792154413283e-4,2.18846885339864e-4,93,0.5663934861949282,1.4808171266859
retrieves,1.4778792154413283e-4,2.18846885339864e-4,93,0.5663934861949282,1.4808171266859
bursts,3.624986754856088e-4,5.366959330953808e-4,231,0.5661292321341312,1.4805459147579358
rakes,6.692283239734316e-5,9.900216241565276e-5,41,0.5649615307017967,1.4793480620760928
relents,6.692283239734316e-5,9.900216241565276e-5,41,0.5649615307017967,1.4793480620760928
reluctantly,1.2826876209490773e-4,1.875830445770263e-4,80,0.5483595633646667,1.4624218828761375
frantically,1.645186296434686e-4,2.396894458484225e-4,103,0.542915424674539,1.4569137025263217
fidgets,7.528818644701106e-5,1.09423442669932e-4,46,0.539426438594659,1.453394587302828
understands,3.513448700860516e-4,5.106427324596827e-4,222,0.539426438594659,1.453394587302828
breaks,0.0013356681965969739,0.0019383581272959384,849,0.5372734833512186,1.451227282520092
recoils,1.6173017829357932e-4,2.3447880572128287e-4,101,0.5358686191814698,1.4498147976789293
hums,1.4778792154413283e-4,2.1363624521272438e-4,92,0.5316280680342514,1.4455595760505213
looked,1.3384566479468632e-4,1.9279368470416592e-4,83,0.526487382887161,1.4404178499161957
pretends,2.4259526744036897e-4,3.491128885183545e-4,152,0.5251422125884114,1.4390754288072336
trails,2.9557584308826567e-4,4.2206185029830914e-4,185,0.5139260663007926,1.4279308007328322
frowns,5.04709694329963e-4,7.190683375452675e-4,317,0.510675087674331,1.4247167146251873
retreats,1.756724350430258e-4,2.5011072610270173e-4,109,0.509679095200607,1.4237334732762397
gonna,6.971128374723247e-5,9.900216241565276e-5,42,0.5060678416482277,1.4201741395930487
licks,2.7605668363904056e-4,3.907980095354714e-4,172,0.5014585883956382,1.4156440785417153
touches,0.0016312440396852397,0.002308313576322851,1026,0.5008665920636185,1.415063301483852
reacts,5.576902699778597e-4,7.868066591980824e-4,349,0.49654506752972116,1.4108308886746734
nearly,1.7009553234324722e-4,2.396894458484225e-4,105,0.4948211364734938,1.4091460401484093
sighs,0.0011432650534546123,0.0016100877992861423,717,0.4939794463782959,1.4083241628185243
backs,0.001307783683098081,0.0018393559648802855,820,0.49207677873517086,1.4064680486935985
squirms,1.3384566479468632e-4,1.875830445770263e-4,82,0.4869590187005236,1.4014876377562986
embraces,3.0115274578804423e-4,4.2206185029830914e-4,187,0.4869590187005234,1.4014876377562984
panics,1.2826876209490773e-4,1.7716176432274705e-4,78,0.46589740317269374,1.381176222716352
yelps,1.2826876209490773e-4,1.7716176432274705e-4,78,0.46589740317269374,1.381176222716352
ends,9.480734589623615e-5,1.302660031784905e-4,57,0.45838986650375263,1.374007487996371
allows,1.979800458421402e-4,2.709532866112602e-4,121,0.4526891166157775,1.3685888669169488
flashes,3.0115274578804423e-4,4.116405700440299e-4,185,0.4508897639930016,1.3668830047252787
senses,5.074981456798523e-4,6.930151369095694e-4,313,0.4494843132818606,1.3655520573010087
exits,0.002317203071758007,0.0031472266367923297,1433,0.4416965905341016,1.3582006148492647
gathers,4.6567137543151283e-4,6.304874553838939e-4,286,0.4371554627799096,1.3539321690100767
collects,1.6173017829357932e-4,2.18846885339864e-4,98,0.4363329456305552,1.3531604778336672
receives,8.923044319645755e-5,1.1984472292421124e-4,53,0.4255584740363803,1.3430923195164528
drapes,1.0874960264568264e-4,1.4589792355990932e-4,65,0.42394922117472295,1.3415950036641489
folds,4.5451757003195565e-4,6.096448948753354e-4,278,0.42363308333169414,1.3413010520857824
undoes,1.4499947019424352e-4,1.9279368470416592e-4,87,0.4110101654672249,1.329616476845719
answers,8.30958502267011e-4,0.0011046557069535994,508,0.410748452080405,1.3293752984534017
shakes,0.0035469101170591878,0.004679154834171378,2168,0.39968519743615893,1.3192200196070818
instinctively,9.480734589623615e-5,1.2505536305135087e-4,56,0.3994961774501841,1.3190471884765163
replies,7.528818644701106e-5,9.900216241565276e-5,44,0.3950365292594841,1.314976055178749
told,2.5374907283992615e-4,3.334809681369356e-4,153,0.3942018777806709,1.314215513793452
freezes,7.751894752692249e-4,0.0010160748247922257,471,0.39038575900547046,1.310743833872797
resumes,2.7047978093926194e-4,3.543235286454941e-4,163,0.3895465170425791,1.30998157206087
creeps,2.0355694854191878e-4,2.657426464841206e-4,122,0.38459730107084567,1.3054953338003876
calms,1.4778792154413283e-4,1.9279368470416592e-4,88,0.3835294290451179,1.3045293735090073
gives,0.00445036835442332,0.005799442461506396,2707,0.38198945909898097,1.3031376280891898
rushes,0.0011795149210031732,0.0015319281973790481,715,0.3771550096957819,1.2987781418450803
sails,7.249973509712176e-5,9.379152228851315e-5,42,0.37148180128058755,1.2936808963904294
tentatively,7.249973509712176e-5,9.379152228851315e-5,42,0.37148180128058755,1.2936808963904294
thrashes,8.086508914678966e-5,1.0421280254279238e-4,47,0.36594361773915735,1.2887242646034927
becomes,5.632671726776382e-4,7.242789776724071e-4,339,0.36272610795108,1.2858533442120494
avoids,1.3384566479468632e-4,1.7195112419560743e-4,79,0.3614281366166647,1.284697001276607
clips,8.923044319645755e-5,1.1463408279707162e-4,52,0.3614281366166647,1.284697001276607
types,4.461522159822878e-4,5.731704139853581e-4,268,0.3614281366166642,1.2846970012766066
struggles,0.001466725410041771,0.0018810410858974024,885,0.3589325555742358,1.2824766469709092
fights,6.16247748325535e-4,7.868066591980824e-4,370,0.35249869791301425,1.2767700349997044
considers,4.628829240816235e-4,5.888023343667769e-4,277,0.3471360490476302,1.2720329563571222
leaves,0.003064508033528339,0.0038923481749732953,1844,0.34498527981937305,1.2701380229347343
thumbs,1.1153805399557194e-4,1.406872834327697e-4,65,0.3349559252554732,1.2613388739806684
cradles,1.4499947019424352e-4,1.8237240444988668e-4,85,0.3308398167832414,1.2577453159351395
covers,6.16247748325535e-4,7.711747388166637e-4,367,0.32354732421688537,1.2514037429136178
blinks,5.521133672780811e-4,6.878044967824297e-4,328,0.31703401725821106,1.2457667891167097
dabs,1.3384566479468632e-4,1.667404840684678e-4,78,0.31703401725821106,1.2457667891167097
meets,3.429795160363837e-4,4.2727249042544876e-4,203,0.31703401725821106,1.2457667891167097
rests,3.764409322350553e-4,4.6895761144256573e-4,223,0.31703401725821106,1.2457667891167097
regards,3.569217727858302e-4,4.429044108068676e-4,211,0.311387454117069,1.2409005125967225
tilts,1.812493377428044e-4,2.2405752546700362e-4,106,0.3058934596530106,1.2361839676619657
attacks,1.3105721344479704e-4,1.615298439413282e-4,76,0.30160397668860484,1.2325139509346168
darts,2.453837187902583e-4,3.022171273740979e-4,144,0.3005458944696419,1.2316103483312923
eyes,8.170162455175644e-4,0.0010056535445379464,484,0.29969670082519967,1.2308856158678751
brushes,4.6567137543151283e-4,5.731704139853581e-4,275,0.2996519390299745,1.2308474263727969
descends,2.2028765664125458e-4,2.709532866112602e-4,129,0.29865548794335667,1.229997589254473
gently,6.608629699237637e-4,8.128598598337805e-4,391,0.2986554879433564,1.2299975892544728
nervously,1.86826240442583e-4,2.2926816559414324e-4,109,0.2953389461588922,1.2271732549507888
returns,0.0012352839480009592,0.0015110856368704896,731,0.2907427194392834,1.2232698719317578
forces,5.074981456798523e-4,6.200661751296146e-4,299,0.28901964108861444,1.2218097354798498
closes,0.00333777626581749,0.004059088659041764,1974,0.2822685990975347,1.2161056750901216
fixes,2.230761079911439e-4,2.709532866112602e-4,130,0.28050814123309703,1.214622619388792
inhales,1.673070809933579e-4,2.0321496495844514e-4,97,0.28050814123309703,1.214622619388792
flings,4.3778686193261985e-4,5.262746528411016e-4,256,0.265587251839535,1.2021252773960607
plunges,1.951915944922509e-4,2.3447880572128287e-4,113,0.2645665973640756,1.2012751180768273
desperately,1.1711495669535053e-4,1.406872834327697e-4,67,0.26456659736407534,1.201275118076827
scoops,2.7326823228915125e-4,3.28270328009796e-4,159,0.26456659736407534,1.201275118076827
appears,7.640356698696678e-4,9.17072662376573e-4,448,0.2633960536561377,1.2003008479080706
glimpses,1.0874960264568264e-4,1.302660031784905e-4,62,0.26045048889184375,1.1978526818429902
clicks,7.612472185197785e-4,9.118620222494334e-4,446,0.26045048889184347,1.19785268184299
halts,1.0038424859601475e-4,1.1984472292421124e-4,57,0.25563347259406766,1.19385983957018
wakes,4.322099592328413e-4,5.158533725868223e-4,252,0.2552287327847392,1.1935249560247185
bolts,4.628829240816235e-4,5.523278534767997e-4,270,0.2548775411956417,1.1932344546358846
slaps,9.731695211113652e-4,0.0011567621082249954,569,0.2493291581198209,1.188654271564081
fumbles,4.824020835308486e-4,5.731704139853581e-4,281,0.24872800386730212,1.1881590763251855
quickly,0.0019770120070715124,0.0023447880572128287,1157,0.24613589195688831,1.1860262096668253
wears,0.002660182587794391,0.0031420159966651902,1555,0.24016525387394044,1.1811279462851823
clasps,1.0596115129579334e-4,1.2505536305135087e-4,60,0.23903150525693798,1.180200116005304
faces,3.624986754856088e-4,4.2727249042544876e-4,210,0.23718070956899642,1.1786870389335022
feeds,1.2826876209490773e-4,1.5110856368704895e-4,73,0.2364155570499264,1.1780620723168884
barely,2.9278739173837636e-4,3.4390224839121487e-4,169,0.23214511967169799,1.1745801154528976
shrugs,0.0013886487722448706,0.0016309303597947008,809,0.23201343284390472,1.1744729066070185
believes,1.3384566479468632e-4,1.5631920381418857e-4,76,0.22392461286672974,1.1679063647969155
floats,1.3384566479468632e-4,1.5631920381418857e-4,76,0.22392461286672974,1.1679063647969155
left,6.246131023752028e-4,7.294896177995467e-4,362,0.22392461286672974,1.1679063647969155
whacks,1.0317269994590405e-4,1.1984472292421124e-4,58,0.21610510840743027,1.1615933574196347
blows,6.91535934772546e-4,8.024385795795013e-4,400,0.21458674828739324,1.1603714850240319
immediately,4.1826770248339475e-4,4.845895318239846e-4,241,0.21233663859151794,1.1585631138785402
emerges,3.792293835849446e-4,4.37693770679728e-4,218,0.20685109950778807,1.1541662899169516
seems,0.0031816229902236898,0.003668290649506292,1843,0.2053450603279826,1.1529620765181816
slips,0.0018041280233783762,0.002079045410728708,1044,0.2046195522092053,1.1523824162076517
almost,7.779779266191142e-4,8.962301018680145e-4,449,0.2041399608522777,1.151999396387495
stares,0.008083720463329076,0.00929578198681708,4681,0.20155679983827512,1.1499385745692705
tugs,3.624986754856088e-4,4.168512101711695e-4,208,0.20155679983827512,1.1499385745692705
hates,2.3144146204081176e-4,2.657426464841206e-4,132,0.19938242860393818,1.148206739366606
slices,1.3663411614457563e-4,1.5631920381418857e-4,77,0.19417726947267733,1.1440715410255495
runs,0.005836228675318302,0.006659198082484433,3369,0.19031204267065246,1.141010480046217
leans,0.0047375788434619185,0.005398223171716645,2733,0.18833466848170027,1.1394476693863251
sounds,1.784608863929151e-4,2.0321496495844514e-4,101,0.1873987368416156,1.1387087056769924
washes,1.784608863929151e-4,2.0321496495844514e-4,101,0.1873987368416156,1.1387087056769924
swallows,5.576902699778597e-4,6.304874553838939e-4,319,0.17700356547923682,1.1305333611234138
should,7.19420448271439e-4,8.076492197066409e-4,411,0.16689366783035067,1.1226386762388953
accidentally,1.2548031074501842e-4,1.406872834327697e-4,70,0.16503092381316117,1.1211901102050388
cranes,1.1153805399557194e-4,1.2505536305135087e-4,62,0.16503092381316117,1.1211901102050388
observes,1.1153805399557194e-4,1.2505536305135087e-4,62,0.16503092381316117,1.1211901102050388
rifles,9.759579724612544e-5,1.09423442669932e-4,54,0.16503092381316117,1.1211901102050388
marches,2.7884513498892987e-4,3.1263840762837714e-4,158,0.16503092381316087,1.1211901102050386
squeezes,6.246131023752028e-4,6.98225777036709e-4,356,0.16073078637953564,1.1178532348770476
begins,0.00496623185415284,0.005544121095276555,2843,0.1588071523789381,1.1163637256767371
kneels,0.0010428808048585977,0.001161972748352135,595,0.15600195801203529,1.1141951629934208
turns,0.028288838944626932,0.03145142380741474,16179,0.15289236386202915,1.1117962058809945
not,1.0317269994590405e-4,1.1463408279707162e-4,57,0.15197477098771456,1.1110892984013896
leads,0.0012575915588000737,0.001396451554073418,717,0.15110208518175855,1.1104174040463797
snarls,7.528818644701106e-5,8.33702420342339e-5,41,0.14710901581589858,1.1073482569926307
rolls,0.0016423978450847967,0.0018133027642445875,935,0.14281618999763496,1.1040581730372199
wipes,0.0012938414263486346,0.0014277153948362557,736,0.14204760581232181,1.1034701515667407
whirls,4.628829240816235e-4,5.106427324596827e-4,262,0.14166693074765085,1.1031790240973274
tell,1.0874960264568264e-4,1.1984472292421124e-4,60,0.140156255174132,1.102024467295551
flushes,9.480734589623615e-5,1.0421280254279238e-4,52,0.13646177161639017,1.0992059903970968
peeks,3.318257106368265e-4,3.6474480889977335e-4,187,0.13646177161639017,1.0992059903970968
shuts,0.0010763422210572692,0.0011828153088606936,611,0.13608796800220185,1.0989212220058022
sits,0.008220354579473652,0.009014407419951541,4676,0.1330320314083843,1.0965959354673884
grimaces,2.0913385124169737e-4,2.2926816559414324e-4,117,0.13260944612078374,1.0962747744227046
frees,8.086508914678966e-5,8.858088216137353e-5,44,0.13147836410213437,1.0954156249129687
only,3.2346035658715864e-4,3.543235286454941e-4,182,0.13147836410213437,1.0954156249129687
put,1.4778792154413283e-4,1.615298439413282e-4,82,0.12827237380304304,1.0929840696967357
calls,0.0011014382832062728,0.001203657869369252,624,0.12803671633095967,1.0928055504530125
glares,5.437480132284132e-4,5.940129744939165e-4,307,0.12755621839449807,1.0924416458408068
tucks,3.150950025374907e-4,3.4390224839121487e-4,177,0.1262116749226331,1.091424001084551
plops,1.673070809933579e-4,1.8237240444988668e-4,93,0.12438893931581521,1.090045940477121
scurries,1.3384566479468632e-4,1.4589792355990932e-4,74,0.12438893931581521,1.090045940477121
like,1.0038424859601475e-4,1.09423442669932e-4,55,0.1243889393158149,1.0900459404771208
whispers,7.556703158199999e-4,8.232811400880598e-4,427,0.12362822480259852,1.089471324799484
tries,0.007470261166353431,0.008123387958210666,4236,0.1209228648347729,1.0874302487306553
remains,4.796136321809593e-4,5.21064012713962e-4,270,0.11958795305199427,1.0864245253924796
actually,2.063453998918081e-4,2.2405752546700362e-4,115,0.11880790705251548,1.0858372688922673
continues,0.003240180468571365,0.003517182085819243,1835,0.11834585651303169,1.0854895645272535
pinches,8.644199184656825e-5,9.379152228851315e-5,47,0.1177252090348046,1.085022687295199
tells,2.3144146204081176e-4,2.5011072610270173e-4,129,0.11191958735359886,1.080665166462688
lets,0.002551432985148708,0.002751217987129719,1441,0.10876270416641588,1.0783030568092176
yawns,1.4499947019424352e-4,1.5631920381418857e-4,80,0.10844739544679347,1.078067413658691
disappears,0.0011070151859060514,0.0011932365891149728,624,0.1082051089333535,1.0778863779888912
heads,0.003109123255126568,0.003350441601750775,1756,0.10784345049964746,1.0776162045767412
looks,0.053964898974407594,0.058103848057733894,30502,0.1066123893306466,1.0766970597923136
chokes,1.840377890926937e-4,1.9800432483130551e-4,102,0.10552991206449909,1.0758894996917037
discovers,2.230761079911439e-4,2.396894458484225e-4,124,0.10363037914901778,1.074473855613162
plugs,1.3105721344479704e-4,1.406872834327697e-4,72,0.10229516846519829,1.073479892749505
springs,1.7009553234324722e-4,1.8237240444988668e-4,94,0.1005421973614472,1.0721763348955287
watches,0.00580555571046952,0.006221504311804705,3274,0.09982928594475504,1.071646647122011
cautiously,1.561532755938007e-4,1.667404840684678e-4,86,0.09464159592176309,1.0678001049571797
opens,0.009374773438327821,0.010004429044108068,5280,0.09378310435171829,1.0671648877620832
clutches,5.521133672780811e-4,5.888023343667769e-4,309,0.09281886031494517,1.0664518725014256
studies,0.0012297070453011806,0.0013026600317849048,689,0.08314595708393362,1.059325500949583
dropped,8.365354049667896e-5,8.858088216137353e-5,45,0.0825687636211881,1.0589017707492032
massages,8.365354049667896e-5,8.858088216137353e-5,45,0.0825687636211881,1.0589017707492032
obeys,8.365354049667896e-5,8.858088216137353e-5,45,0.0825687636211881,1.0589017707492032
suddenly,0.0017678781558298153,0.0018706198056431232,991,0.08149752166301119,1.05811579801159
loves,5.32594207828856e-4,5.627491337310788e-4,297,0.0794551921070872,1.056618952025691
scowls,1.2826876209490773e-4,1.354766433056301e-4,70,0.07887428006344652,1.0561935820772104
crosses,0.0028999894038848704,0.0030586457546309563,1625,0.07684539806096488,1.0547092863627527
packs,1.0874960264568264e-4,1.1463408279707162e-4,59,0.07602591775441625,1.0541103600218313
does,0.008047470595780516,0.00846729020660188,4509,0.07336493629134813,1.052167896213437
scribbles,1.1432650534546124e-4,1.1984472292421124e-4,62,0.06800646941829631,1.048267176207963
spits,4.628829240816235e-4,4.845895318239846e-4,257,0.06611589774047412,1.046894380010729
sneaks,2.0913385124169737e-4,2.18846885339864e-4,115,0.0654952502622468,1.0464441028580362
puts,0.009801406494860884,0.01025453977021077,5481,0.06520204935870949,1.0462314541884856
likes,8.170162455175644e-4,8.545449808508975e-4,455,0.06479166817520297,1.0459338912037903
just,0.0037142171980525454,0.0038819268947190163,2075,0.0637147662576292,1.0451534435720145
lashes,1.1990340804523983e-4,1.2505536305135087e-4,65,0.06069426399842562,1.0429675443767803
topples,1.4499947019424352e-4,1.5110856368704895e-4,79,0.05953779496584711,1.0421318332034013
hangs,0.004101811935687158,0.004272724904254488,2289,0.05889508622998288,1.0416676754680847
lies,0.0013942256749446492,0.0014485579553448142,776,0.05515330604078757,1.0389695021233358
starts,0.012868702979739112,0.013339238725477424,7173,0.051809680333592956,1.0365643489075114
claps,1.812493377428044e-4,1.875830445770263e-4,99,0.04955370639322502,1.0349447171123434
adds,2.3701836474059038e-4,2.449000859755621e-4,130,0.04719443351930282,1.033253630973271
flicks,5.549018186279704e-4,5.731704139853581e-4,307,0.0467316109603779,1.0329222120816939
slowly,0.0022279726285615495,0.002297892296068572,1238,0.04457967060891115,1.0313826420534462
cups,1.6173017829357932e-4,1.667404840684678e-4,88,0.044015522851795046,1.0309794116827942
angrily,1.673070809933579e-4,1.7195112419560743e-4,91,0.039500041729302084,1.0277576010212854
really,5.88363234826642e-4,6.044342547481958e-4,325,0.03887832439975393,1.0273147929208883
stops,0.010961402256414832,0.011260193314748717,6090,0.0387992264147805,1.0272584703438856
pours,0.0012910529749987451,0.0013235025922934632,715,0.0358128214912966,1.0251342260334046
jabs,1.4778792154413283e-4,1.5110856368704895e-4,80,0.03205705854373983,1.0224689684259785
traces,1.4778792154413283e-4,1.5110856368704895e-4,80,0.03205705854373983,1.0224689684259785
unzips,1.784608863929151e-4,1.8237240444988668e-4,97,0.03127953492433397,1.021918069197301
crawls,6.274015537250921e-4,6.409087356381731e-4,346,0.03072983210157023,1.021528767075702
died,3.318257106368265e-4,3.3869160826407524e-4,182,0.029546567699878307,1.0206912767973042
grasps,1.840377890926937e-4,1.875830445770263e-4,100,0.027527400063226196,1.0192637365500352
slugs,9.201889454634685e-5,9.379152228851315e-5,49,0.027527400063226196,1.0192637365500352
steadies,1.2269185939512914e-4,1.2505536305135087e-4,66,0.027527400063226196,1.0192637365500352
breathes,4.7124827813129145e-4,4.79378891696845e-4,259,0.02467903775419591,1.0172533544266624
glances,0.005161423448645092,0.005247114608029596,2856,0.02375530611557757,1.0166022339064233
pushes,0.003906620341194907,0.00397050777688039,2161,0.023402465041871115,1.0163536330909344
directs,1.2826876209490773e-4,1.302660031784905e-4,69,0.022290751697079288,1.0155707519973178
inches,9.759579724612544e-5,9.900216241565276e-5,52,0.020641014477986098,1.0144100997093206
hands,0.005749786683471734,0.005830706302269234,3179,0.02016222158765258,1.0140734992882623
reads,0.001502975277590332,0.0015215069171247689,829,0.017679614106878905,1.0123299696347288
comes,0.004879789862306272,0.004934476200401219,2695,0.016077926728061215,1.0112066993944493
unfolds,2.063453998918081e-4,2.0842560508558476e-4,112,0.014471247237779731,1.0100811803648997
winds,1.3942256749446493e-4,1.406872834327697e-4,75,0.013027830368110796,1.0090710991845346
attempts,3.513448700860516e-4,3.543235286454941e-4,192,0.01217943572979012,1.008477876904003
rubs,8.699968211654611e-4,8.75387541359456e-4,478,0.008911721895879153,1.0061962527481116
snorts,1.0874960264568264e-4,1.09423442669932e-4,58,0.008911721895879153,1.0061962527481116
walks,0.014605908170720145,0.014678373238152307,8053,0.0071400220037016885,1.0049613530761086
drifts,2.7047978093926194e-4,2.709532866112602e-4,147,0.0025233939333319773,1.0017506139289007
sinks,5.827863321268634e-4,5.835916942396373e-4,319,0.001992307956088556,1.0013819166105609
hides,3.123065511876014e-4,3.1263840762837714e-4,170,0.0015321915302816819,1.001062598397356
goes,0.012743222668994095,0.012734804470729229,7012,-9.533621473353744e-4,0.9993393980091592
swivels,8.365354049667896e-5,8.33702420342339e-5,44,-0.004894077629151415,0.9966134312933677
feels,0.0025291253743495935,0.002516739181408436,1388,-0.007082843713381883,0.9951025785171513
keeps,0.002771720641789963,0.0027564286272568584,1521,-0.007981611468893307,0.994482844229486
sprays,1.3105721344479704e-4,1.302660031784905e-4,70,-0.008736143923545468,0.9939628636569492
sways,1.3105721344479704e-4,1.302660031784905e-4,70,-0.008736143923545468,0.9939628636569492
means,7.445165104204426e-4,7.39910898053826e-4,407,-0.008952294203504473,0.9938139553627685
ducks,8.086508914678965e-4,8.024385795795013e-4,442,-0.011126031340665877,0.9923176837446894
races,6.887474834226567e-4,6.825938566552901e-4,376,-0.01294771206786001,0.991065482030095
repeats,1.840377890926937e-4,1.8237240444988668e-4,99,-0.013114584434119747,0.9909508549792009
used,2.7884513498892987e-4,2.7616392673839984e-4,151,-0.013939217232158317,0.9903845973477842
steps,0.00500805862440118,0.004955318760909778,2745,-0.015273585901216209,0.9894690003758276
sends,2.4259526744036897e-4,2.396894458484225e-4,131,-0.017385021812348248,0.9880219361960111
could,0.001466725410041771,0.0014485579553448142,802,-0.017981398589427735,0.9876135951742736
finishes,0.0013049952317481916,0.001287028111403486,713,-0.02000097001935945,0.986232041384062
talking,1.0038424859601475e-4,9.900216241565276e-5,53,-0.020000970019359774,0.9862320413840617
trips,3.0672964848782285e-4,3.022171273740979e-4,166,-0.02138220041772045,0.9852882786650339
locks,5.130750483796309e-4,5.054320923325431e-4,279,-0.021652595890517937,0.9851036294373982
waits,0.002211241920462214,0.0021780475731443608,1209,-0.021821405643728694,0.9849883692007274
gets,0.012115821115269002,0.011932365891149727,6633,-0.02201206073808907,0.9848582095778821
snatches,4.935558889304059e-4,4.845895318239846e-4,268,-0.026450220995598916,0.9818331473546948
chooses,1.7009553234324722e-4,1.667404840684678e-4,91,-0.028740819583519223,0.9802755061901977
obviously,1.7009553234324722e-4,1.667404840684678e-4,91,-0.028740819583519223,0.9802755061901977
takes,0.020835308486372838,0.02040486673787875,11386,-0.03011717212659968,0.9793407547204969
decides,5.437480132284132e-4,5.314852929682412e-4,295,-0.03290845379874768,0.97744778838388
plucks,1.812493377428044e-4,1.7716176432274705e-4,97,-0.03290845379874785,0.9774477883838799
slides,0.0017734550585295939,0.0017299325222103535,966,-0.035847005958063526,0.9754589009121405
moves,0.010598903580929223,0.010327488731990724,5781,-0.03742554469611025,0.9743921768071502
peers,0.0010484577075583763,0.0010212854649193654,570,-0.037882489583061965,0.9740836063838102
holds,0.009048524630390773,0.008811192454993096,4934,-0.03834530049715035,0.973771174297237
claws,1.3384566479468632e-4,1.302660031784905e-4,71,-0.039109792967064086,0.9732553039974295
already,2.0355694854191878e-4,1.9800432483130551e-4,109,-0.03990052745706464,0.9727220134198965
stomps,2.2028765664125458e-4,2.1363624521272438e-4,118,-0.044232225579652076,0.9698057915275651
swipes,1.5057637289402211e-4,1.4589792355990932e-4,80,-0.04553606212649732,0.9689297248685519
asks,3.346141619867158e-4,3.230596878826564e-4,180,-0.0506977672422761,0.96546926156545
admires,8.644199184656825e-5,8.33702420342339e-5,45,-0.05219979240750799,0.9644646109290655
met,9.201889454634685e-5,8.858088216137353e-5,48,-0.05493476012874683,0.9626379734083665
said,0.0012631684614998523,0.0012140791496235313,684,-0.057184577412587596,0.9611379531926932
stands,0.008638622281957047,0.008295339082406273,4688,-0.05850029026655245,0.9602618116238549
buttons,1.1990340804523983e-4,1.1463408279707162e-4,63,-0.06483661808543344,0.9560535823453818
owns,1.2548031074501842e-4,1.1984472292421124e-4,66,-0.06629462229329447,0.9550878716561442
says,0.0035246025062600733,0.003360862882005054,1907,-0.06862887988711928,0.9535438041696334
sets,0.0017623012531300367,0.0016778261209389573,952,-0.07086735208311887,0.9520654416825486
strips,1.4778792154413283e-4,1.406872834327697e-4,78,-0.0710364344203637,0.9519538671552213
must,8.978813346643541e-4,8.545449808508975e-4,484,-0.071368355517166,0.9517348761574863
wanted,4.6009447273173427e-4,4.37693770679728e-4,247,-0.07200827348768839,0.9513128207800328
focuses,3.2346035658715864e-4,3.074277675012375e-4,173,-0.07334142778636372,0.9504341451450758
fell,1.7009553234324722e-4,1.615298439413282e-4,90,-0.07454450919664395,0.949641896621754
unwraps,1.86826240442583e-4,1.7716176432274705e-4,99,-0.07662983122806567,0.9482702424619731
edges,1.924031431423616e-4,1.8237240444988668e-4,102,-0.07724492185383541,0.9478660351974965
unlocks,3.959600916842804e-4,3.751660891540526e-4,212,-0.0778256000830024,0.9474846001732722
remembers,6.16247748325535e-4,5.835916942396373e-4,331,-0.07855111935446045,0.9470082378805755
shines,2.3701836474059038e-4,2.2405752546700362e-4,126,-0.0811296634562366,0.9453171517415032
reaches,0.010796883626771364,0.010186801448557955,5825,-0.08391382710051272,0.9434946046189956
jumps,0.002409221966304354,0.0022718390954328737,1298,-0.08470665940717513,0.9429762500952871
always,3.150950025374907e-4,2.9700648724695827e-4,168,-0.08529243027107886,0.9425934554821122
places,0.001776243509879483,0.0016726154808118178,956,-0.08672355715463002,0.9416588837671832
climbs,0.002174992052913653,0.0020477815699658703,1171,-0.08694829351163691,0.9415122079285903
stumbles,0.0010122078400098154,9.483365031394107e-4,543,-0.09403457981768729,0.9368989901621535
blocks,1.2826876209490773e-4,1.1984472292421124e-4,67,-0.09800348202063267,0.9343250918375323
reels,2.063453998918081e-4,1.9279368470416592e-4,109,-0.09800348202063267,0.9343250918375323
scrambles,5.744209780771955e-4,5.366959330953808e-4,307,-0.09800348202063267,0.9343250918375323
clenches,1.1711495669535053e-4,1.09423442669932e-4,61,-0.09800348202063285,0.9343250918375322
concentrates,1.3942256749446493e-4,1.302660031784905e-4,73,-0.09800348202063285,0.9343250918375322
floors,1.2269185939512914e-4,1.1463408279707162e-4,64,-0.09800348202063285,0.9343250918375322
gags,1.2269185939512914e-4,1.1463408279707162e-4,64,-0.09800348202063285,0.9343250918375322
helps,7.305742536709962e-4,6.825938566552901e-4,391,-0.09800348202063285,0.9343250918375322
interrupts,1.0596115129579334e-4,9.900216241565276e-5,55,-0.09800348202063285,0.9343250918375322
once,2.1749920529136527e-4,2.0321496495844514e-4,115,-0.09800348202063285,0.9343250918375322
splashes,1.5057637289402211e-4,1.406872834327697e-4,79,-0.09800348202063285,0.9343250918375322
steels,8.365354049667896e-5,7.815960190709428e-5,43,-0.09800348202063285,0.9343250918375322
rips,9.89900229210701e-4,9.222833025037126e-4,530,-0.10207314632967966,0.9316931901703843
would,9.06246688714022e-4,8.441237005966183e-4,485,-0.10244938705182487,0.9314502454011091
notices,0.004034889103289815,0.0037568715316676654,2166,-0.10299723931153489,0.9310966015409271
knocks,0.0013551873560461991,0.0012609749107677878,726,-0.10395274835181924,0.9304801326118634
enters,0.0025625867905482652,0.002381262538102806,1374,-0.10587417825159746,0.9292417126654021
finally,0.0015197059856896676,0.0014120834744548367,814,-0.10596686033104999,0.9291820179375091
rises,0.0022223957258617707,0.0020634134903472893,1191,-0.10708277593149465,0.9284635793416884
listens,0.0019100891746741695,0.0017716176432274705,1023,-0.10857272373082003,0.9275052006562364
quietly,3.2067190523726933e-4,2.9700648724695827e-4,170,-0.1106035188002664,0.9262005258215537
was,0.007286223377260737,0.006747778964645807,3906,-0.11075850876673722,0.9261010286487595
jerks,5.967285888763098e-4,5.523278534767997e-4,318,-0.11155001385858028,0.9255930816334433
bumps,2.8721048903859774e-4,2.657426464841206e-4,152,-0.1120786672323555,0.9252539744410514
wants,0.002838643474187306,0.002626162624078368,1520,-0.11224540459641155,0.925147045748755
lays,0.0010484577075583763,9.691790636479692e-4,560,-0.11343352259023884,0.9243854632009627
have,2.3701836474059038e-4,2.18846885339864e-4,125,-0.11507699537957437,0.9233330319335612
kicks,0.0014053794803442065,0.0012974493916577652,751,-0.11528147345246825,0.9232021740775617
flies,4.5730602138184496e-4,4.2206185029830914e-4,243,-0.11570548375409183,0.9229308834004891
makes,0.004455945257123099,0.00410598442018602,2384,-0.11800335549223342,0.9214620430137364
picks,0.007562280060899778,0.006961415209858531,4046,-0.11944065268292449,0.9205444857632323
throws,0.003756043968300885,0.003449443764166428,2007,-0.12285021067571816,0.9183715082352581
casually,3.1788345388738e-4,2.9179584711981865e-4,168,-0.1235385741277704,0.9179334235596808
scans,8.142277941676751e-4,7.451215381809656e-4,433,-0.12795670412226046,0.9151266310463502
winces,5.298057564789668e-4,4.845895318239846e-4,281,-0.1287002792435493,0.9146550899041105
might,0.0011404766021047231,0.001042128025427924,607,-0.13010432518765694,0.9137653709902516
dangles,1.2548031074501842e-4,1.1463408279707162e-4,65,-0.13042495971301016,0.9135623120189205
hefts,1.1990340804523983e-4,1.09423442669932e-4,62,-0.1319508139439704,0.9125966013296827
flails,1.1432650534546124e-4,1.0421280254279238e-4,59,-0.1336273917513542,0.911536674963446
waves,0.001792974217978819,0.0016309303597947008,954,-0.13665956241596175,0.9096228732352958
dresses,9.759579724612544e-5,8.858088216137353e-5,50,-0.13982365771525979,0.9076300892136028
realizes,0.0019463390422227304,0.001766407003100331,1035,-0.13994524509394107,0.9075535992347377
passes,0.0047431557461616964,0.0043039887450173255,2525,-0.14017293626457228,0.9074103772578503
catches,0.002194511212362878,0.0019904645285673344,1167,-0.14079447949237048,0.9070195300684557
plants,1.728839836931365e-4,1.5631920381418857e-4,90,-0.1453091967989894,0.904185572745999
thinks,0.002333933779857343,0.002110309251491546,1240,-0.1453091967989896,0.9041855727459989
knows,0.004380657070676088,0.003960086496626111,2329,-0.14561533898388113,0.9039937234837996
rings,3.987485430341697e-4,3.5953416877263373e-4,210,-0.14935036202085322,0.9016563823327234
empties,2.3701836474059038e-4,2.1363624521272438e-4,124,-0.14984241354025093,0.9013489121256193
hears,0.007163531517865608,0.006455983117525988,3806,-0.15003418478084812,0.9012291076580011
sweeps,3.0672964848782285e-4,2.7616392673839984e-4,161,-0.15144274098209318,0.9003496339525311
may,5.214404024292988e-4,4.6895761144256573e-4,275,-0.15304484557859477,0.8993503557794428
signs,2.9557584308826567e-4,2.657426464841206e-4,155,-0.1534985946123363,0.8990675412021537
wrenches,1.4499947019424352e-4,1.302660031784905e-4,75,-0.15458701038700023,0.8983895113822425
swims,2.14710753941476e-4,1.9279368470416592e-4,112,-0.15533665708658428,0.8979228155321739
shares,1.3942256749446493e-4,1.2505536305135087e-4,72,-0.15689717107420134,0.8969520881640309
started,1.3942256749446493e-4,1.2505536305135087e-4,72,-0.15689717107420134,0.8969520881640309
recovers,2.0355694854191878e-4,1.8237240444988668e-4,106,-0.15854502395568354,0.8959281702551679
hops,5.130750483796309e-4,4.585363311882865e-4,270,-0.16213381944034835,0.8937022617576396
props,1.2826876209490773e-4,1.1463408279707162e-4,66,-0.16213381944034835,0.8937022617576396
tightens,1.2826876209490773e-4,1.1463408279707162e-4,66,-0.16213381944034835,0.8937022617576396
indicates,8.281700509171217e-4,7.39910898053826e-4,437,-0.16257548331671645,0.8934287073463272
hear,1.2269185939512914e-4,1.09423442669932e-4,63,-0.16511767787916978,0.8918557694812808
dashes,3.624986754856088e-4,3.230596878826564e-4,190,-0.16617498466221206,0.8912023952911846
got,8.672083698155718e-4,7.711747388166637e-4,457,-0.1693208865222853,0.8892611806556578
peels,3.45767967386273e-4,3.074277675012375e-4,181,-0.1695567430456668,0.8891158132002323
will,0.001307783683098081,0.001161972748352135,690,-0.17054769461570454,0.8885053112143697
silently,1.7009553234324722e-4,1.5110856368704895e-4,88,-0.17075982445594706,0.8883746774848666
probably,1.1153805399557194e-4,9.900216241565276e-5,57,-0.1720040634644098,0.8876088372456555
grows,1.645186296434686e-4,1.4589792355990932e-4,85,-0.17329160932486998,0.8868170363203696
whips,6.524976158740958e-4,5.783810541124977e-4,343,-0.1739523352539314,0.8864109845638126
finds,0.004433637646323985,0.003928822655863273,2342,-0.1743938189236862,0.8861397726358482
spins,0.0015252828883894462,0.0013495557929291612,804,-0.17659221712663556,0.8847904891624162
pulls,0.01327860532817284,0.011729150926191282,7011,-0.17900504583681123,0.883311962085798
switches,6.608629699237637e-4,5.835916942396373e-4,347,-0.17939180886128778,0.8830751922852625
lights,0.0012157647885517341,0.0010733918661907616,640,-0.17968727961434058,0.8828943528373012
assumes,1.0038424859601475e-4,8.858088216137353e-5,51,-0.18046564221260572,0.8824181422910027
ties,2.9557584308826567e-4,2.60532006356981e-4,154,-0.1820677468091073,0.8814387658844643
digs,5.939401375264205e-4,5.21064012713962e-4,311,-0.1888569124717461,0.8773005557159929
hopes,8.923044319645755e-5,7.815960190709428e-5,45,-0.19111288641211416,0.8759297735976865
has,0.020500694324386122,0.01791418075710601,10788,-0.19457070383160605,0.8738328796891829
wheels,4.29421507882952e-4,3.751660891540526e-4,224,-0.19486502127322183,0.8736546313286015
lines,8.365354049667896e-5,7.294896177995466e-5,42,-0.1975391555715474,0.8720367523816966
performs,8.365354049667896e-5,7.294896177995466e-5,42,-0.1975391555715474,0.8720367523816966
settles,3.708640295352767e-4,3.230596878826564e-4,193,-0.19908960713494722,0.8711000856229624
tenses,1.6173017829357932e-4,1.406872834327697e-4,83,-0.2010969749847365,0.8698888786073575
sniffs,3.959600916842804e-4,3.4390224839121487e-4,206,-0.20335648216686145,0.8685275501588328
stabs,1.979800458421402e-4,1.7195112419560743e-4,102,-0.20335648216686145,0.8685275501588328
wanders,3.959600916842804e-4,3.4390224839121487e-4,206,-0.20335648216686145,0.8685275501588328
downs,2.7605668363904056e-4,2.396894458484225e-4,143,-0.20379814604322963,0.8682617015055855
pounds,5.102865970297416e-4,4.429044108068676e-4,266,-0.20431238416697337,0.8679522711059043
notes,2.3422991339070107e-4,2.0321496495844514e-4,121,-0.2049186859371447,0.8675875852777085
slams,0.0021694151502138744,0.0018810410858974024,1137,-0.2057748001196539,0.8670729001371442
twists,6.078823942758671e-4,5.262746528411016e-4,317,-0.20797632404576427,0.8657507731705575
shows,0.001017784742709594,8.805981814865956e-4,532,-0.20887669950582816,0.8652106329892764
weaves,1.4499947019424352e-4,1.2505536305135087e-4,74,-0.2134806994405687,0.8624539309269529
bends,0.001597782623486568,0.0013756089935648595,835,-0.21600069141908426,0.860948775724637
bounces,2.4259526744036897e-4,2.0842560508558476e-4,125,-0.21901888298199873,0.8591495097356618
curses,1.0317269994590405e-4,8.858088216137353e-5,52,-0.2199940063992432,0.8585690033101647
expects,1.0317269994590405e-4,8.858088216137353e-5,52,-0.2199940063992432,0.8585690033101647
hastily,1.0317269994590405e-4,8.858088216137353e-5,52,-0.2199940063992432,0.8585690033101647
pokes,3.0394119713793354e-4,2.60532006356981e-4,157,-0.2223316170228344,0.8571789833371856
can,0.013292547584922286,0.011380038037672928,6949,-0.2241122511704556,0.856121670053774
sees,0.021468286942797708,0.01836750644816716,11222,-0.22505129515693567,0.8555646054623461
acts,9.759579724612544e-5,8.33702420342339e-5,49,-0.2272864989655992,0.8542400839657438
scrolls,9.759579724612544e-5,8.33702420342339e-5,49,-0.2272864989655992,0.8542400839657438
brings,0.0013328797452470847,0.0011359195477164369,694,-0.23068596522445517,0.8522295816760753
arrives,5.074981456798523e-4,4.324831305525884e-4,263,-0.23075869087240428,0.8521866222254415
needs,9.285542995131364e-4,7.868066591980824e-4,482,-0.23897710976681613,0.847345879083888
follows,0.0019742235557216234,0.0016726154808118178,1027,-0.23917954498132707,0.8472269900560674
get,1.784608863929151e-4,1.5110856368704895e-4,91,-0.24002248689306058,0.8467321144777636
zips,1.784608863929151e-4,1.5110856368704895e-4,91,-0.24002248689306058,0.8467321144777636
manages,9.731695211113652e-4,8.232811400880598e-4,505,-0.2413059600531822,0.8459791662483099
proceeds,2.649028782394834e-4,2.2405752546700362e-4,136,-0.24159433564948285,0.8458100831371343
deposits,8.644199184656825e-5,7.294896177995466e-5,43,-0.244844870349904,0.8439065345629323
hardly,8.644199184656825e-5,7.294896177995466e-5,43,-0.244844870349904,0.8439065345629323
strikes,4.322099592328413e-4,3.6474480889977335e-4,223,-0.244844870349904,0.8439065345629323
exhales,2.8442203768870843e-4,2.396894458484225e-4,146,-0.24686686793511545,0.8427245926377742
still,0.0012185532399016233,0.001026496105046505,632,-0.24744113206485482,0.8423892132356698
smells,2.5374907283992615e-4,2.1363624521272438e-4,130,-0.2482461176012452,0.8419193135239302
came,7.863432806687822e-4,6.617512961467316e-4,407,-0.24887014764726045,0.8415552245628837
tears,9.229773968133578e-4,7.763853789438033e-4,478,-0.24952236836568895,0.8411748560954218
yanks,8.923044319645756e-4,7.503321783081052e-4,462,-0.25000657546568283,0.840892582653779
lifts,0.0029501815281828777,0.0024802647005184586,1532,-0.25030963082671503,0.8407159616534317
knew,4.4057531328250916e-4,3.69955449026913e-4,227,-0.2520371106930535,0.8397098926641113
shifts,4.3499841058273055e-4,3.6474480889977335e-4,224,-0.2541226839379145,0.8384968772900931
presses,0.0017539358990803688,0.0014694005158533727,909,-0.25536833650112833,0.8377732143026522
grabs,0.008552180290110479,0.007164630174816976,4440,-0.2554000299882681,0.8377548100923422
straightens,5.911516861765313e-4,4.950108120782638e-4,305,-0.2560683282528841,0.8373668275902412
hustles,1.3105721344479704e-4,1.09423442669932e-4,66,-0.26027491091951005,0.8349288054718372
speeds,2.6211442688959407e-4,2.18846885339864e-4,134,-0.26027491091951005,0.8349288054718372
recognizes,5.186519510794095e-4,4.324831305525884e-4,267,-0.2621228617817395,0.8338600281990879
carries,0.0014695138613916602,0.0012245004298778105,760,-0.2631456870928476,0.8332690572365089
pays,2.5653752418981546e-4,2.1363624521272438e-4,131,-0.2640134334595621,0.8327680166378004
also,6.078823942758671e-4,5.054320923325431e-4,313,-0.2662749646104314,0.83146361383707
falls,0.003268064982070258,0.0027147435062397415,1691,-0.2676207741643725,0.830688349568864
stays,4.5172911868206634e-4,3.751660891540526e-4,232,-0.26792848346294507,0.8305111927444732
tastes,1.2548031074501842e-4,1.0421280254279238e-4,63,-0.26792848346294507,0.8305111927444732
drags,6.775936780230996e-4,5.627491337310788e-4,349,-0.26792848346294545,0.8305111927444729
never,7.919201833685608e-4,6.56540656019592e-4,408,-0.2704706780253985,0.829049025151613
speaks,0.003954024014143025,0.0032774926399708206,2045,-0.2707290923808594,0.828900539867148
dials,7.751894752692249e-4,6.409087356381731e-4,399,-0.2744300494049003,0.8267768798274566
turned,9.480734589623615e-5,7.815960190709428e-5,47,-0.27857572766245364,0.8244044927978226
slows,7.974970860683394e-4,6.56540656019592e-4,410,-0.2805948952991059,0.8232514795211822
relaxes,2.3422991339070107e-4,1.9279368470416592e-4,119,-0.2808675391704431,0.8230959142378261
brought,1.3942256749446493e-4,1.1463408279707162e-4,70,-0.2824280531580604,0.8222060808170283
dumps,3.680755781853874e-4,3.022171273740979e-4,188,-0.28441660625151416,0.821073565554195
sticks,6.664398726235423e-4,5.471172133496601e-4,342,-0.2846247723352585,0.8209551016145682
changes,4.824020835308486e-4,3.9600864966261103e-4,247,-0.2847041962137719,0.8209099072792191
know,2.983642944381549e-4,2.449000859755621e-4,152,-0.28488161674414214,0.8208089591843742
come,1.1432650534546124e-4,9.379152228851315e-5,57,-0.28563048519640416,0.8203830074671015
lowers,0.0012771107182492987,0.001042128025427924,656,-0.2933510803428519,0.8160044470196789
flips,0.0016396093937349075,0.0013339238725477425,842,-0.29767582685699723,0.8135619847292798
bought,1.2826876209490773e-4,1.0421280254279238e-4,64,-0.29963734319028323,0.8124566015978542
sleeps,2.3144146204081176e-4,1.875830445770263e-4,117,-0.30311791192524506,0.810498874847016
greets,1.673070809933579e-4,1.354766433056301e-4,84,-0.3044543594880591,0.8097484129258613
registers,8.365354049667896e-5,6.773832165281505e-5,41,-0.3044543594880591,0.8097484129258613
succeeds,8.365354049667896e-5,6.773832165281505e-5,41,-0.3044543594880591,0.8097484129258613
now,7.919201833685608e-4,6.409087356381731e-4,405,-0.305236096186075,0.8093097626480033
even,2.7047978093926194e-4,2.18846885339864e-4,137,-0.30559890142900015,0.8091062650964197
withdraws,2.8999894038848705e-4,2.3447880572128287e-4,147,-0.30659010383205026,0.8085505602440183
cracks,4.126907997836162e-4,3.334809681369356e-4,210,-0.3074568476495826,0.8080649442919198
writhes,1.0317269994590405e-4,8.33702420342339e-5,51,-0.3074568476495826,0.8080649442919198
saw,5.827863321268634e-4,4.6895761144256573e-4,297,-0.3135095177718409,0.8046818972763435
had,0.0021498959907646493,0.0017299325222103535,1101,-0.31355110058874247,0.8046587042543727
nudges,2.3980681609047966e-4,1.9279368470416592e-4,121,-0.3148148710937808,0.8039541487904348
hobbles,9.759579724612544e-5,7.815960190709428e-5,48,-0.3203959033570806,0.8008500787178848
scratches,2.14710753941476e-4,1.7195112419560743e-4,108,-0.32039590335708085,0.8008500787178847
steals,1.3663411614457563e-4,1.09423442669932e-4,68,-0.32039590335708085,0.8008500787178847
pauses,0.002986431395731439,0.0023864731782299456,1527,-0.32354245867394466,0.7991053073045561
collapses,7.500934131202213e-4,5.992236146210562e-4,382,-0.3239757936328818,0.7988653201584848
offers,0.0010205731940594832,8.128598598337805e-4,520,-0.32830110144242697,0.7964738487795356
puffs,1.1153805399557194e-4,8.858088216137353e-5,55,-0.3324687356576557,0.7941763280619024
grinds,9.201889454634685e-5,7.294896177995466e-5,45,-0.33504267932148224,0.7927606839833606
braces,1.645186296434686e-4,1.302660031784905e-4,82,-0.3367903416077491,0.7918009252860444
thought,3.820178349348339e-4,3.022171273740979e-4,193,-0.3380545698535875,0.7911073770303192
expected,2.5096062149003684e-4,1.9800432483130551e-4,126,-0.341929064906722,0.7889856331072495
levels,1.2548031074501842e-4,9.900216241565276e-5,62,-0.341929064906722,0.7889856331072495
gave,2.983642944381549e-4,2.3447880572128287e-4,150,-0.34761737209210486,0.7858809183680179
hits,0.0027800859958396307,0.0021832582132715003,1414,-0.34864674271947715,0.7853203881242247
drops,0.003981908527641918,0.0031263840762837712,2026,-0.34896505555385177,0.7851471359979262
spots,0.002448260285202804,0.00191751556678738,1244,-0.352518655498978,0.7832155667339679
lurches,2.063453998918081e-4,1.615298439413282e-4,103,-0.35326053726270745,0.7828129147827972
clambers,1.1990340804523983e-4,9.379152228851315e-5,59,-0.3543432352804183,0.7822256582825852
ever,3.346141619867158e-4,2.60532006356981e-4,168,-0.3610378878544264,0.7786042431979436
eventually,1.0038424859601475e-4,7.815960190709428e-5,49,-0.36103788785442686,0.7786042431979434
did,0.0012603800101499629,9.796003439022484e-4,638,-0.3635935927581831,0.7772261825905136
snaps,0.0012492262047504056,9.691790636479692e-4,632,-0.36619959297020527,0.775823513757951
writes,8.532661130661253e-4,6.617512961467316e-4,431,-0.3667066379411188,0.7755508932246182
searches,8.198046968674538e-4,6.356980955110335e-4,414,-0.366938489294111,0.7754262666950947
gazes,9.006697860142434e-4,6.98225777036709e-4,455,-0.3673046462567852,0.7752294879642683
approaches,0.0025625867905482652,0.0019800432483130554,1297,-0.3720689249787194,0.7726736341637916
selects,2.3701836474059038e-4,1.8237240444988668e-4,118,-0.37811140121336806,0.7694441932779678
eases,3.4019106468649444e-4,2.60532006356981e-4,170,-0.38488462980879434,0.765840239211092
dips,2.3144146204081176e-4,1.7716176432274705e-4,115,-0.38558007211721795,0.7654711595777374
cocks,4.154792511335055e-4,3.1784904775551676e-4,208,-0.3864346649199082,0.7650178604307311
groans,2.453837187902583e-4,1.875830445770263e-4,122,-0.38751009921561763,0.7644478024125264
lives,1.979800458421402e-4,1.5110856368704895e-4,98,-0.38976960639774283,0.7632514834729136
works,0.00107355376970738,8.180704999609202e-4,540,-0.3920973687112696,0.7620209839921691
winks,5.409595618785239e-4,4.116405700440299e-4,271,-0.39413557603065763,0.7609451778882994
swerves,1.645186296434686e-4,1.2505536305135087e-4,81,-0.39568403066131774,0.7601288882746026
grips,4.322099592328413e-4,3.28270328009796e-4,216,-0.396847963794954,0.759515881106639
fills,3.848062862847232e-4,2.9179584711981865e-4,192,-0.39917301674119804,0.758292828157997
rummages,1.924031431423616e-4,1.4589792355990932e-4,95,-0.39917301674119804,0.758292828157997
loved,1.3105721344479704e-4,9.900216241565276e-5,64,-0.4046648202546849,0.7554117763792813
joins,5.186519510794095e-4,3.907980095354714e-4,259,-0.4083436026327834,0.7534879772883324
regains,1.673070809933579e-4,1.2505536305135087e-4,82,-0.41993157690799504,0.7474600734700259
wiggles,9.759579724612544e-5,7.294896177995466e-5,47,-0.4199315769079952,0.7474600734700257
talks,0.0018013395720284868,0.001339134512674882,901,-0.42776928752067966,0.7434103671896154
beckons,1.4778792154413283e-4,1.09423442669932e-4,72,-0.4336065138050718,0.74040856334295
gulps,2.1192230259158668e-4,1.5631920381418857e-4,104,-0.4390403998556998,0.7376250725033149
maneuvers,1.0596115129579334e-4,7.815960190709428e-5,51,-0.4390403998556998,0.7376250725033149
zooms,1.0596115129579334e-4,7.815960190709428e-5,51,-0.4390403998556998,0.7376250725033149
stalks,2.8999894038848705e-4,2.1363624521272438e-4,143,-0.4408911955436413,0.7366793993334388
seizes,1.840377890926937e-4,1.354766433056301e-4,90,-0.44195788323799406,0.7361349208416921
vanishes,9.201889454634685e-5,6.773832165281505e-5,44,-0.44195788323799406,0.7361349208416921
points,0.004402964681475202,0.003241018159080843,2199,-0.4420281677502672,0.7360990590537619
thrusts,3.541333214359409e-4,2.60532006356981e-4,175,-0.4428319790180739,0.7356890486909703
hauls,2.8442203768870843e-4,2.0842560508558476e-4,140,-0.44850072910476607,0.7328039935980645
leaps,0.0012464377534005164,9.118620222494334e-4,620,-0.4509233913716217,0.7315744566960544
hit,1.784608863929151e-4,1.302660031784905e-4,87,-0.45414729224590783,0.7299414779980722
adjusts,4.4336376463239847e-4,3.230596878826564e-4,219,-0.45669012691811295,0.7286560464644906
heard,4.29421507882952e-4,3.1263840762837714e-4,212,-0.4578994271070158,0.7280455261071679
shoots,0.001017784742709594,7.39910898053826e-4,505,-0.46000901628333035,0.7269817152927648
refers,1.0038424859601475e-4,7.294896177995466e-5,48,-0.46057356140534117,0.7266972936514139
deals,8.644199184656825e-5,6.252768152567543e-5,41,-0.4672372916863518,0.7233484581967992
honks,8.644199184656825e-5,6.252768152567543e-5,41,-0.4672372916863518,0.7233484581967992
rams,8.644199184656825e-5,6.252768152567543e-5,41,-0.4672372916863518,0.7233484581967992
releases,6.413438104745387e-4,4.637469713154261e-4,317,-0.4677601019986102,0.7230863754220902
clears,5.549018186279704e-4,4.0121928978975065e-4,274,-0.46784156186938036,0.7230455484571857
nears,3.680755781853874e-4,2.657426464841206e-4,181,-0.4699722594075905,0.721978480056275
pries,1.2269185939512914e-4,8.858088216137353e-5,59,-0.46997225940759074,0.7219784800562749
again,1.5894172694369e-4,1.1463408279707162e-4,77,-0.4714618775480773,0.7212334042254634
mutters,2.5374907283992615e-4,1.8237240444988668e-4,124,-0.4765151052743624,0.7187116091057941
hurls,4.7124827813129145e-4,3.3869160826407524e-4,232,-0.47651510527436264,0.718711609105794
extends,5.967285888763098e-4,4.2727249042544876e-4,294,-0.4819184638036959,0.7160248367353051
sucks,2.8442203768870843e-4,2.0321496495844514e-4,139,-0.48502660512987994,0.7144838937581129
trudges,1.1711495669535053e-4,8.33702420342339e-5,56,-0.490320904799393,0.7118667366381198
found,3.3740261333660513e-4,2.396894458484225e-4,165,-0.4933047632382145,0.710395937595479
removes,0.0017121091288320293,0.0012140791496235313,845,-0.495912182736532,0.7091131804499837
accelerates,1.0317269994590405e-4,7.294896177995466e-5,49,-0.5001019255919785,0.7070568262554298
orders,1.0317269994590405e-4,7.294896177995466e-5,49,-0.5001019255919785,0.7070568262554298
produces,4.5730602138184496e-4,3.230596878826564e-4,224,-0.5013591762518412,0.7064409230966707
doing,3.764409322350553e-4,2.657426464841206e-4,184,-0.5023937370999678,0.7059345138328023
inspects,1.924031431423616e-4,1.354766433056301e-4,93,-0.5060882206577096,0.7041290547181402
tumbles,2.5932597553970476e-4,1.8237240444988668e-4,126,-0.5078792761836977,0.7032554454691103
cuts,0.001054034610258155,7.39910898053826e-4,518,-0.5104987867370234,0.701979698629257
crushes,1.3384566479468632e-4,9.379152228851315e-5,64,-0.5130409812994764,0.7007438188781493
scrapes,8.923044319645755e-5,6.252768152567543e-5,42,-0.5130409812994764,0.7007438188781493
calmly,2.230761079911439e-4,1.5631920381418857e-4,108,-0.5130409812994768,0.7007438188781491
presents,1.1153805399557194e-4,7.815960190709428e-5,53,-0.5130409812994768,0.7007438188781491
pops,7.222088996213283e-4,5.054320923325431e-4,354,-0.514898927520059,0.6998419606813948
checks,0.0028135474120383024,0.001959200687804497,1383,-0.5221250894493525,0.6963453608144938
drinks,8.03073988768118e-4,5.575384936039392e-4,393,-0.5264614970617983,0.6942554501848329
spies,2.7047978093926194e-4,1.875830445770263e-4,131,-0.527991322765448,0.6935196557969312
drives,0.0016396093937349075,0.0011359195477164369,804,-0.529491502080071,0.6927988776210272
punches,7.974970860683394e-4,5.471172133496601e-4,389,-0.5436293011328994,0.6860428996009853
doubles,2.2028765664125458e-4,1.5110856368704895e-4,106,-0.5438032350701636,0.6859601940073021
jams,4.266330565330627e-4,2.9179584711981865e-4,207,-0.5480364026556807,0.6839503940248601
slings,1.1432650534546124e-4,7.815960190709428e-5,54,-0.548664891030198,0.6836525062225846
smirks,1.1432650534546124e-4,7.815960190709428e-5,54,-0.548664891030198,0.6836525062225846
fingers,2.14710753941476e-4,1.4589792355990932e-4,103,-0.5574351006579301,0.6795091577000234
slumps,4.991327916301845e-4,3.3869160826407524e-4,242,-0.559451446256435,0.6785601225635708
prepares,2.5374907283992615e-4,1.7195112419560743e-4,122,-0.5614040028608754,0.6776423742997487
wrestles,1.3105721344479704e-4,8.858088216137353e-5,62,-0.5651294924479309,0.6758947472867254
plays,8.58843015765904e-4,5.783810541124977e-4,417,-0.5703741563654284,0.6734421116491303
counts,3.652871268354981e-4,2.449000859755621e-4,176,-0.5768376318804458,0.6704317452880002
coughs,4.2105615383328406e-4,2.813745668655394e-4,203,-0.5815207191822432,0.6682590060824734
pats,6.552860672239851e-4,4.37693770679728e-4,317,-0.5822030058068722,0.6679430443774699
gestures,0.0018180702801278226,0.0012140791496235313,883,-0.58254549159743,0.6677844981538191
raises,0.003231815114521697,0.0021519943725086628,1570,-0.5866703616076593,0.6658779343035389
tosses,0.0021443190880648705,0.001422504754709116,1040,-0.5920861290626069,0.6633829650758031
stoops,1.896146917924723e-4,1.2505536305135087e-4,90,-0.6005038225498158,0.6595235942382581
say,4.3499841058273055e-4,2.8658520699267903e-4,209,-0.6020459873582216,0.6588189750136445
contemplates,1.0317269994590405e-4,6.773832165281505e-5,48,-0.6070171295084904,0.6565527672371848
hoists,1.5894172694369e-4,1.0421280254279238e-4,75,-0.6089654012980121,0.6556667311140577
examines,6.692283239734316e-4,4.37693770679728e-4,322,-0.6125766548503911,0.6540275642862725
raps,1.1153805399557194e-4,7.294896177995466e-5,52,-0.6125766548503911,0.6540275642862725
unscrews,1.2826876209490773e-4,8.33702420342339e-5,60,-0.6215654380776455,0.6499652812782833
uses,9.06246688714022e-4,5.888023343667769e-4,436,-0.622120427521262,0.6497152946316378
draws,0.0016396093937349075,0.0010577599458093427,789,-0.6323399096718211,0.645129230078296
squats,1.6173017829357932e-4,1.0421280254279238e-4,76,-0.6340563822608427,0.6443621323017463
shoves,0.0012157647885517341,7.815960190709428e-4,584,-0.6373691163016783,0.6428842375028891
sprints,3.569217727858302e-4,2.2926816559414324e-4,170,-0.6385718633833353,0.6423485006383035
rattles,9.759579724612544e-5,6.252768152567543e-5,45,-0.6423239982444429,0.6406800629743079
then,0.00278287444718952,0.0017820389234817497,1338,-0.6430469724719956,0.6403590809788297
controls,1.0596115129579334e-4,6.773832165281505e-5,49,-0.6454912773231261,0.6392750628362063
hooks,1.2269185939512914e-4,7.815960190709428e-5,57,-0.6505445050494116,0.637039835343772
surfaces,1.2269185939512914e-4,7.815960190709428e-5,57,-0.6505445050494116,0.637039835343772
loses,6.803821293729889e-4,4.324831305525884e-4,325,-0.6537013882365943,0.6356473985452064
delivers,1.3942256749446493e-4,8.858088216137353e-5,65,-0.6543968305450181,0.6353410624495219
lunges,5.827863321268634e-4,3.69955449026913e-4,278,-0.6556154945968333,0.6348046078513377
dodges,2.14710753941476e-4,1.354766433056301e-4,101,-0.664350304574442,0.6309727892928789
cannot,0.0010958613805064942,6.878044967824297e-4,523,-0.6719948649207856,0.6276382296313194
addresses,3.73652480885166e-4,2.3447880572128287e-4,177,-0.6722395761487303,0.6275317780998352
called,1.4221101884435422e-4,8.858088216137353e-5,66,-0.682965982741789,0.6228833945583548
consults,1.0038424859601475e-4,6.252768152567543e-5,46,-0.682965982741789,0.6228833945583548
eats,6.190361996754243e-4,3.8558736940833184e-4,294,-0.682965982741789,0.6228833945583548
falters,9.201889454634685e-5,5.731704139853581e-5,42,-0.682965982741789,0.6228833945583548
forgot,1.2548031074501842e-4,7.815960190709428e-5,58,-0.682965982741789,0.6228833945583548
swings,0.001737205190981033,0.0010786025063179011,828,-0.6876048775453095,0.6208837688936409
shouts,6.469207131743173e-4,4.0121928978975065e-4,307,-0.6891979364533036,0.6201985523404309
dies,3.45767967386273e-4,2.1363624521272438e-4,163,-0.6946477877894243,0.6178601413764326
inserts,2.453837187902583e-4,1.5110856368704895e-4,115,-0.6994541055303581,0.6158051741656462
flops,1.6173017829357932e-4,9.900216241565276e-5,75,-0.7080569637046197,0.6121440256866589
ushers,1.6173017829357932e-4,9.900216241565276e-5,75,-0.7080569637046197,0.6121440256866589
want,1.6173017829357932e-4,9.900216241565276e-5,75,-0.7080569637046197,0.6121440256866589
carefully,7.082666428718819e-4,4.324831305525884e-4,335,-0.7116487374458739,0.6106219104135053
heaves,2.649028782394834e-4,1.615298439413282e-4,124,-0.7136627799647056,0.6097700599360736
dives,6.16247748325535e-4,3.751660891540526e-4,291,-0.7159810399697519,0.6087910100660844
chases,1.896146917924723e-4,1.1463408279707162e-4,88,-0.726034704633675,0.6045632947184032
crumples,2.8442203768870843e-4,1.7195112419560743e-4,133,-0.726034704633675,0.6045632947184032
keys,9.480734589623615e-5,5.731704139853581e-5,43,-0.726034704633675,0.6045632947184032
shuffles,3.73652480885166e-4,2.2405752546700362e-4,175,-0.7378279177763072,0.5996414768509536
stuffs,3.652871268354981e-4,2.18846885339864e-4,171,-0.7391090607793228,0.5991092191935321
went,3.652871268354981e-4,2.18846885339864e-4,171,-0.7391090607793228,0.5991092191935321
crouches,4.796136321809593e-4,2.8658520699267903e-4,225,-0.7429085231980711,0.5975334889658637
demonstrates,1.2269185939512914e-4,7.294896177995466e-5,56,-0.7500801786003259,0.5945705129875205
strides,7.138435455716604e-4,4.2206185029830914e-4,335,-0.7581534791360081,0.5912525971784384
attaches,1.0596115129579334e-4,6.252768152567543e-5,48,-0.760968494743062,0.590100058002652
cranks,1.0596115129579334e-4,6.252768152567543e-5,48,-0.760968494743062,0.590100058002652
squints,5.409595618785239e-4,3.1784904775551676e-4,253,-0.767178986644874,0.5875652639390667
double,9.759579724612544e-5,5.731704139853581e-5,44,-0.7678548803283021,0.5872900577264488
gingerly,9.759579724612544e-5,5.731704139853581e-5,44,-0.7678548803283021,0.5872900577264488
tried,1.951915944922509e-4,1.1463408279707162e-4,90,-0.7678548803283021,0.5872900577264488
fishes,3.2067190523726933e-4,1.875830445770263e-4,149,-0.7735685315226958,0.5849687531504549
mounts,1.784608863929151e-4,1.0421280254279238e-4,82,-0.7760753871332703,0.5839531823984577
explains,1.2548031074501842e-4,7.294896177995466e-5,57,-0.7825016562927035,0.5813578349211311
fires,0.001606147977536236,9.274939426308522e-4,752,-0.7921950524965473,0.5774648137051415
tests,1.3663411614457563e-4,7.815960190709428e-5,62,-0.8058227305273227,0.5720357705127748
revs,1.0038424859601475e-4,5.731704139853581e-5,45,-0.808496864825648,0.5709764450118252
guides,1.645186296434686e-4,9.379152228851315e-5,75,-0.8107215299401617,0.5700966662059519
taps,9.871117778608117e-4,5.627491337310788e-4,460,-0.8107215299401619,0.5700966662059518
reveals,1.2826876209490773e-4,7.294896177995466e-5,58,-0.8142105160200417,0.5687196211184978
won,9.201889454634685e-5,5.210640127139619e-5,41,-0.820469506491724,0.5662576314166862
felt,1.1990340804523983e-4,6.773832165281505e-5,54,-0.8238285185816384,0.5649407532040893
advances,3.597102241357195e-4,2.0321496495844514e-4,166,-0.8238285185816387,0.5649407532040892
surveys,4.0711389708383757e-4,2.2926816559414324e-4,188,-0.8283964222633526,0.563154849874677
signals,3.987485430341697e-4,2.2405752546700362e-4,184,-0.8316100640969243,0.5619018034827117
enjoys,1.1153805399557194e-4,6.252768152567543e-5,50,-0.8349690761868388,0.5605950551025194
killed,1.951915944922509e-4,1.09423442669932e-4,89,-0.8349690761868388,0.5605950551025194
launches,1.3942256749446493e-4,7.815960190709428e-5,63,-0.8349690761868391,0.5605950551025193
made,4.6567137543151283e-4,2.60532006356981e-4,215,-0.83785158471996,0.559476102896726
first,1.86826240442583e-4,1.0421280254279238e-4,85,-0.8421645775910428,0.5578060249776312
overhears,1.0317269994590405e-4,5.731704139853581e-5,46,-0.8480252290122855,0.5555446492006948
blasts,1.4221101884435422e-4,7.815960190709428e-5,64,-0.8635382283836098,0.5496029951985484
bangs,6.190361996754243e-4,3.3869160826407524e-4,285,-0.8700515353422842,0.5471273060309874
charges,4.4894066733217703e-4,2.449000859755621e-4,206,-0.8743315084576122,0.5455065753585593
took,5.827863321268634e-4,3.1784904775551676e-4,268,-0.8746252765386292,0.5453955081539662
spreads,2.2028765664125458e-4,1.1984472292421124e-4,100,-0.8782222741407228,0.5440373952471707
asked,1.728839836931365e-4,9.379152228851315e-5,78,-0.8822747909651955,0.5425113436475995
mimes,1.728839836931365e-4,9.379152228851315e-5,78,-0.8822747909651955,0.5425113436475995
see,2.5932597553970476e-4,1.406872834327697e-4,118,-0.8822747909651957,0.5425113436475993
pumps,1.924031431423616e-4,1.0421280254279238e-4,87,-0.8845998439114398,0.5416377343985693
motions,0.001243649302050627,6.721725764010109e-4,573,-0.8876761265176834,0.5404840217356128
positions,1.2548031074501842e-4,6.773832165281505e-5,56,-0.889416860209215,0.5398322752839076
smacks,3.290372592869372e-4,1.7716176432274705e-4,150,-0.8931836901321345,0.5384246291945102
simply,2.9278739173837636e-4,1.5631920381418857e-4,133,-0.9053584040782369,0.5339000524785898
pockets,2.8442203768870843e-4,1.5110856368704895e-4,129,-0.9124478288645563,0.5312828953585967
parks,2.1749920529136527e-4,1.1463408279707162e-4,98,-0.9239740822455837,0.5270551800109157
tips,2.481721701401476e-4,1.302660031784905e-4,112,-0.929880723212306,0.5249017369873776
roars,2.0913385124169737e-4,1.09423442669932e-4,94,-0.9345047497377532,0.5232220514290181
trots,1.3942256749446493e-4,7.294896177995466e-5,62,-0.9345047497377535,0.523222051429018
wishes,1.3942256749446493e-4,7.294896177995466e-5,62,-0.9345047497377535,0.523222051429018
staggers,8.811506265650183e-4,4.585363311882865e-4,402,-0.9423526115604385,0.5203835954538154
flexes,1.1153805399557194e-4,5.731704139853581e-5,49,-0.9604999582706979,0.5138788005106427
rounds,4.461522159822878e-4,2.2926816559414324e-4,202,-0.9604999582706979,0.5138788005106427
aims,6.664398726235423e-4,3.3869160826407524e-4,302,-0.9765024769729269,0.5082103009994945
saunters,1.0317269994590405e-4,5.210640127139619e-5,45,-0.9855287527622203,0.5050405901824498
guns,1.86826240442583e-4,9.379152228851315e-5,83,-0.9941676710360926,0.5020254224798681
lands,9.25765848163247e-4,4.585363311882865e-4,418,-1.0136112947302602,0.4953048679620653
clamps,1.0596115129579334e-4,5.210640127139619e-5,46,-1.024002900576856,0.49175004833554326
extracts,1.5894172694369e-4,7.815960190709428e-5,70,-1.024002900576856,0.49175004833554326
grits,1.1711495669535053e-4,5.731704139853581e-5,51,-1.030889286162096,0.4894083814387073
forgets,1.2826876209490773e-4,6.252768152567543e-5,56,-1.0366029373564896,0.4874739609587124
misses,4.0711389708383757e-4,1.9800432483130551e-4,182,-1.0399005274570647,0.4863610067099482
paces,4.935558889304059e-4,2.396894458484225e-4,221,-1.0420470760466174,0.4856379008421071
going,1.951915944922509e-4,9.379152228851315e-5,86,-1.0573614975232868,0.4805100472307309
rides,6.078823942758671e-4,2.9179584711981865e-4,272,-1.058832884739955,0.4800202306688239
grins,0.0012408608507007378,5.940129744939165e-4,557,-1.0627749937096513,0.4787103841324884
growls,1.1990340804523983e-4,5.731704139853581e-5,52,-1.0648366180854334,0.4780267911726909
screws,1.1990340804523983e-4,5.731704139853581e-5,52,-1.0648366180854334,0.4780267911726909
steers,1.979800458421402e-4,9.379152228851315e-5,87,-1.0778256000830024,0.4737423000866361
stamps,1.3384566479468632e-4,6.252768152567543e-5,58,-1.0980034820206326,0.4671625459187662
plummets,1.1432650534546124e-4,5.210640127139619e-5,49,-1.1336273917513542,0.455768337481723
chuckles,4.266330565330627e-4,1.9279368470416592e-4,188,-1.1459379590843346,0.4518957960521398
loosens,1.3942256749446493e-4,6.252768152567543e-5,60,-1.1568971710742013,0.44847604408201547
explodes,1.645186296434686e-4,7.294896177995466e-5,71,-1.17329160932487,0.4434085181601848
dismounts,1.5336482424391142e-4,6.773832165281505e-5,66,-1.1789234774042001,0.44168095250501527
pins,1.4221101884435422e-4,6.252768152567543e-5,61,-1.1854663232709721,0.43968239615883875
circles,2.8721048903859774e-4,1.2505536305135087e-4,125,-1.199541508482695,0.435413635031083
hammers,1.0874960264568264e-4,4.6895761144256574e-5,46,-1.2134806994405687,0.43122696546347644
slashes,1.4499947019424352e-4,6.252768152567543e-5,62,-1.2134806994405687,0.43122696546347644
limps,2.063453998918081e-4,8.858088216137353e-5,89,-1.2199940063992432,0.42928450165508236
vomits,9.759579724612544e-5,4.168512101711695e-5,41,-1.2272864989655992,0.4271200419828719
strains,3.0672964848782285e-4,1.302660031784905e-4,133,-1.2355070057705677,0.42469322356251465
yells,7.974970860683394e-4,3.3869160826407524e-4,349,-1.2355070057705677,0.42469322356251465
mumbles,2.007684971920295e-4,8.33702420342339e-5,86,-1.2679284834629452,0.4152555963722365
chews,2.5374907283992615e-4,1.0421280254279238e-4,109,-1.2838700273319668,0.41069234806045374
grunts,1.784608863929151e-4,7.294896177995466e-5,76,-1.2906485599630286,0.4087672276789204
ponders,1.2826876209490773e-4,5.210640127139619e-5,54,-1.2996373431902832,0.4062283007989271
strolls,2.063453998918081e-4,8.33702420342339e-5,88,-1.3074568476495825,0.40403247214595994
whistles,1.951915944922509e-4,7.815960190709428e-5,83,-1.3203959033570807,0.4004250393589424
crashes,3.652871268354981e-4,1.406872834327697e-4,156,-1.3765389813946147,0.38514164091012776
bounds,1.3663411614457563e-4,5.210640127139619e-5,57,-1.3907852312484785,0.38135718034184996
salutes,1.645186296434686e-4,6.252768152567543e-5,69,-1.3956840306613179,0.3800644441373012
gropes,2.2028765664125458e-4,8.33702420342339e-5,93,-1.4017842301977357,0.37846079669368393
replaces,3.931716403343911e-4,1.4589792355990932e-4,167,-1.4301999123618223,0.37107946909859435
lost,1.561532755938007e-4,5.731704139853581e-5,65,-1.4459267854409394,0.36705628607903057
smashes,6.106708456257564e-4,2.2405752546700362e-4,260,-1.4465257869197081,0.3669039173425926
spills,1.0038424859601475e-4,3.647448088997733e-5,41,-1.4605735614053412,0.36334864682570694
loads,2.5932597553970476e-4,9.379152228851315e-5,109,-1.4672372916863519,0.3616742290983996
fails,1.4499947019424352e-4,5.210640127139619e-5,60,-1.4765151052743626,0.359355804552897
stole,1.0874960264568264e-4,3.647448088997733e-5,44,-1.576050778825277,0.3353987509160372
barks,2.0355694854191878e-4,6.773832165281505e-5,84,-1.5873883227595578,0.33277332038049096
ambles,1.4221101884435422e-4,4.6895761144256574e-5,58,-1.6005038225498158,0.32976179711912906
exchanges,1.756724350430258e-4,5.731704139853581e-5,72,-1.615851786883252,0.3262722542924716
bows,6.552860672239851e-4,2.0842560508558476e-4,273,-1.6525923336982702,0.31806811637022375
drains,1.3942256749446493e-4,4.168512101711695e-5,56,-1.7418596717953576,0.2989840293880103
figures,1.2269185939512914e-4,3.647448088997733e-5,49,-1.750080178600326,0.29728525649376025
pitches,1.896146917924723e-4,5.210640127139619e-5,76,-1.86353822838361,0.2748014975992742
rears,1.1711495669535053e-4,3.1263840762837716e-5,46,-1.905358404078237,0.2669500262392949
vaults,1.1711495669535053e-4,2.6053200635698095e-5,45,-2.1683928099120306,0.22245835519941246
kills,1.673070809933579e-4,3.647448088997733e-5,65,-2.1975391555715476,0.21800918809542413
howls,1.812493377428044e-4,3.647448088997733e-5,70,-2.313016372991483,0.20123925054962233
shot,1.4778792154413283e-4,2.6053200635698095e-5,56,-2.5039958416964696,0.17628775317689288
gallops,1.3663411614457563e-4,2.0842560508558476e-5,51,-2.712713326135841,0.15254287213673998
straps,1.1153805399557194e-4,1.5631920381418858e-5,41,-2.8349690761868387,0.14014876377562988
