word2,total,female_he,female_she,male_he,male_she,female_ratio,male_ratio,self_ratio,self_logratio
came,122,2.344207853096308e-4,7.78044985146414e-4,0.001138133230798808,6.649141796814598e-4,3.319010232470411,1.7116994426920675,5.681147965208872,2.5061824783876565
squints,70,3.125610470795077e-4,6.365822605743387e-4,7.190233586465443e-4,3.169939693830215e-4,2.036665369925025,2.268255639203513,4.619677710502947,2.207792206256529
bangs,72,2.7349091619456925e-4,7.426793040033952e-4,7.459386715370566e-4,5.334776557909386e-4,2.7155538265667,1.3982566344435203,3.797041154185377,1.9248756356747787
barely,69,3.5163117796444617e-4,0.001167067477719621,4.4987022974142077e-4,4.097726921292717e-4,3.319010232470411,1.0978531229199124,3.643785748720785,1.8654381324810103
jerks,81,5.079117015042e-4,9.195077097184891e-4,8.305296549072383e-4,4.5616205350239677e-4,1.8103692177111332,1.8206899248424104,3.2961209949314965,1.7207692023462913
winces,83,4.688415706192616e-4,0.0010963361154335833,7.997692973180814e-4,5.798670171640638e-4,2.3383935728768805,1.3792288122016085,3.2251797899788555,1.6893795868555943
snaps,168,7.423324868138308e-4,0.0019097467817230159,0.0015341728347592041,0.0013220967991340652,2.572629940957926,1.1604088564196227,2.985302567777868,1.5778771596009948
fumbles,76,3.907013088493846e-4,8.841420285754703e-4,5.729116600980487e-4,4.484304932735426e-4,2.2629615221389163,1.2775930020186486,2.8911438045221485,1.5316403697666154
understands,67,1.953506544246923e-4,8.134106662894328e-4,4.4987022974142077e-4,6.649141796814598e-4,4.163849200735607,0.6765839013343646,2.817193336801673,1.494258575595621
sips,82,3.5163117796444617e-4,0.0010963361154335833,6.690377775641641e-4,7.422297819700015e-4,3.117858097169174,0.9013890223973854,2.810403062181094,1.4907770536167988
writes,112,0.0013283844500879079,0.0019804781440090537,0.0013150052869364607,7.035719808257306e-4,1.4908922969385803,1.8690415803556246,2.786539694810111,1.4784747050391303
sniffs,67,6.251220941590154e-4,8.134106662894328e-4,7.074882245506104e-4,3.479202102984382e-4,1.301202875229877,2.03347837696391,2.6459679108232232,1.4037955653290148
scans,153,0.0010158234030084,0.0013792615645777339,0.0017648755166778814,9.432503479202103e-4,1.3577769132833502,1.8710573715337473,2.54047850249715,1.3451002561167418
clutches,81,2.7349091619456925e-4,7.78044985146414e-4,6.805729116600981e-4,7.808875831142724e-4,2.8448659135460663,0.8715376276645256,2.479407689315612,1.3099955134555594
covers,114,4.2977143973432313e-4,0.0016975526948649032,7.843891185235029e-4,0.001267975877532086,3.9498964750061085,0.6186151743282309,2.4434658964643683,1.2889289689819345
never,134,5.86051963274077e-4,0.0014146272457207527,0.0010227818898394694,0.001012834389979898,2.4138256236148443,1.0098214475712746,2.4375328854233764,1.2854216827872469
peers,150,7.814026176987692e-4,0.0017682840571509406,0.0013880611362107084,0.0014071439616514612,2.2629615221389163,0.9864386118543573,2.2322726225785363,1.1585132311205009
clears,81,9.376831412385232e-4,0.0010963361154335833,9.727963087570893e-4,5.334776557909386e-4,1.1691967864384403,1.82349963151655,2.1320299092408304,1.0922276771265242
needs,158,9.767532721234617e-4,0.0014853586080067903,0.0015726232817456502,0.0011365393536415648,1.5207101428773517,1.3836945255849145,2.104198299700845,1.0732706706540838
adjusts,72,3.907013088493846e-4,6.012165794313199e-4,5.806017494953379e-4,4.329673728158342e-4,1.5388138350544633,1.3409826835665537,2.0635227060406742,1.0451093131751157
pops,122,7.814026176987692e-4,0.0012731645211486774,0.0012342593482649235,9.896397092933355e-4,1.62933229594002,1.2471805008170718,2.032071468847904,1.022951143221917
doing,74,4.688415706192616e-4,5.304852171452823e-4,6.344323752763626e-4,3.5565177052729243e-4,1.1314807610694582,1.7838583351792334,2.0184013867286956,1.0132131026208289
carefully,107,5.469818323891385e-4,5.658508982883011e-4,0.0012919350187445928,7.035719808257306e-4,1.0344966958349333,1.8362513771914906,1.8995959824269428,0.9256926100671238
stumbles,175,0.0010548935338933385,0.0015914556514358468,0.0015264827453619148,0.0012138549559301067,1.5086410147592777,1.2575495432172616,1.8971908189893558,0.923864791962201
also,88,5.079117015042e-4,7.073136228603763e-4,7.651638950302797e-4,5.644038967063553e-4,1.392591705931641,1.3557027148385805,1.887940356393216,0.9168131879545657
climbs,278,0.0027349091619456923,0.003642665157730938,0.003314428530231664,0.0023426627493428175,1.3319144958874767,1.4148124953800771,1.8844092715594585,0.914112335399063
realizes,257,0.0025004883766360617,0.0034658367520158436,0.0029106988368739787,0.002149373743621463,1.3860639323100863,1.354207868925469,1.8770186839680976,0.9084430109220961
plays,123,0.0010158234030084,8.841420285754703e-4,0.0011650485436893205,5.412092160197928e-4,0.8703698162072756,2.1526768377253815,1.8736249436046997,0.9058321877062809
remembers,90,0.0010158234030084,0.0014499929268637715,8.189945208113044e-4,6.33987938766043e-4,1.4274064985799322,1.2918140405089527,1.8439437563792789,0.8827946516294102
got,123,6.641922250439539e-4,8.841420285754703e-4,0.001188118811881188,8.582031854028143e-4,1.3311538365523037,1.3844260101685844,1.8428839948587097,0.8819652596233174
rips,160,0.0017190857589372925,0.0019804781440090537,0.0018071710083629722,0.0011365393536415648,1.1520531385434483,1.5900646137528356,1.83183892876083,0.8732926546936058
searches,125,0.0010158234030084,0.0014499929268637715,9.881764875516678e-4,7.731560228854183e-4,1.4274064985799322,1.278107468999327,1.8243789071331886,0.8674053954408089
hears,566,0.008282867747606955,0.012484085443485641,0.010089397289243487,0.008589763414256997,1.5072177685189385,1.174583839235601,1.77035363311109,0.8240375714816364
feels,306,0.0025786286384059387,0.003748762201159994,0.003364414111314044,0.0027756301221586515,1.4537813414953038,1.2121262427781572,1.7621665152876915,0.817350257646049
becomes,84,4.688415706192616e-4,8.134106662894328e-4,6.421224646736518e-4,6.417194989948972e-4,1.7349371669731692,1.0006279467577124,1.7360266151420047,0.7957890660076479
means,100,6.251220941590154e-4,0.001343895883434715,7.920792079207921e-4,0.0010051028297510438,2.149813446031971,0.788057882711348,1.6941774325043417,0.7605849771430131
eats,108,8.595428794686463e-4,9.548733908615079e-4,9.074305488801308e-4,5.953301376217721e-4,1.1109083835954678,1.5242476258721573,1.6932994662568677,0.7598371417377746
passes,501,0.005469818323891385,0.008770688923468667,0.006425069691435163,0.006115664141023659,1.6034698785441468,1.0505923058030644,1.6845931169854549,0.7524001765749689
swings,184,0.0017972260207071693,0.001343895883434715,0.0027991925406132844,0.0012602443173032319,0.7477611986198159,2.221150694496455,1.660890305631906,0.7319567928988551
tears,147,8.986130103535847e-4,0.001167067477719621,0.0014149764491012207,0.0011288077934127106,1.2987431344449434,1.2535140679914514,1.6279927897340494,0.7030943100231
kicks,189,0.0013674545809728462,0.0021926722308671666,0.0018148610977602616,0.0018014535333230246,1.6034698785441468,1.0074426368425418,1.6154039225381054,0.6918949476941338
twists,89,4.688415706192616e-4,8.134106662894328e-4,7.267134480438335e-4,7.886191433431266e-4,1.7349371669731692,0.9215011506861709,1.5987465957339808,0.6769412871300975
cannot,95,0.0012502441883180308,0.0013085302022916962,0.0012611746611554358,8.272769444873975e-4,1.0466197039892489,1.524489071718169,1.5955603009765147,0.6740631333905501
must,121,8.204727485837078e-4,0.0010963361154335833,0.0012227242141689897,0.0010282975104376063,1.3362248987867889,1.1890763147414822,1.588873378315205,0.6680041569359445
swallows,90,7.032623559288923e-4,0.0013792615645777339,6.382774199750072e-4,7.963507035719809e-4,1.961233319187061,0.8015029271802663,1.5719342462118988,0.6525408711283059
breathes,90,7.032623559288923e-4,0.0013792615645777339,5.767567047966932e-4,7.344982217411473e-4,1.961233319187061,0.7852390757726768,1.5400370389330271,0.6229650491295327
emerges,72,2.7349091619456925e-4,6.719479417173575e-4,4.537152744400654e-4,7.267666615122932e-4,2.4569296526079665,0.6242929105965751,1.5338437639576596,0.6171515386148493
throws,393,0.004961906622387185,0.005799971707455086,0.0053215418629241566,0.004082263800835009,1.1688998098607317,1.3035761828610046,1.5237499522852067,0.6076261756688529
punches,121,0.0011330337956632155,8.841420285754703e-4,0.0014342016725944439,7.344982217411473e-4,0.7803315593582469,1.9526278350880566,1.523697123400581,0.6075761561161059
finds,462,0.005352607931236569,0.006754845098316593,0.006944150725752187,0.005752280810267512,1.261972702857031,1.2071995361139622,1.5234528614774907,0.6073448609927127
can,720,0.013791756202383277,0.0178596689772245,0.018963760453715273,0.01625173960105149,1.294952485756547,1.1668757264907392,1.5110486225881594,0.5955500843533013
may,88,5.079117015042e-4,6.719479417173575e-4,7.151783139478996e-4,6.262563785371888e-4,1.322962120635059,1.1419896682224855,1.5108090732149468,0.5953213530705637
gathers,89,3.907013088493846e-4,0.001167067477719621,4.767855426319331e-4,9.432503479202103e-4,2.98710920922337,0.505470836754215,1.5098965914623583,0.5944497468397439
knocks,195,0.001172103926548154,0.0018036497382939594,0.0017110448908968566,0.0017859904128653163,1.538813835054463,0.9580369964874434,1.474240584688902,0.5599719803453431
paces,74,7.423324868138308e-4,6.012165794313199e-4,8.151494761126599e-4,4.63893613731251e-4,0.8099020184497174,1.757190554006857,1.4231521764909307,0.5090899363060983
struggles,231,0.0012893143192029694,0.0022280379120101852,0.0021801403441315003,0.0026519251584969845,1.7280797078151724,0.8220972364722107,1.4206495521985585,0.5065507124555431
has,776,0.017737839421762065,0.019804781440090537,0.02430068249543401,0.01918973248801608,1.11652727083506,1.2663377413212873,1.4139006222728911,0.4996807221328239
freezes,148,0.0010548935338933385,0.0020512095062950914,0.0010727674709218496,0.0014767280037111489,1.9444706412452912,0.7264489250734661,1.4125586071695553,0.4983107263022065
wakes,83,3.5163117796444617e-4,8.134106662894328e-4,6.075170623858502e-4,9.973712695221897e-4,2.313249555964226,0.6091182701471772,1.4090425679476553,0.4947151969132132
spits,82,4.2977143973432313e-4,8.841420285754703e-4,5.69066615399404e-4,8.350085047162517e-4,2.057237747399015,0.681509963294064,1.4020280217170655,0.4875151841475723
lays,151,9.767532721234617e-4,0.0016975526948649032,0.0011227530520042295,0.001399412401422607,1.7379544490026877,0.802303203017829,1.3943664211339424,0.4796097322879069
could,212,0.0017190857589372925,0.00208657518743811,0.001999423243295203,0.0017473326117210452,1.2137702709654188,1.144271691538945,1.3888829610972835,0.47392503088247445
might,173,0.0013674545809728462,0.0014146272457207527,0.0016649043545131212,0.0012447811968455235,1.0344966958349333,1.3375076348616588,1.3836472289183825,0.46847616409916754
crawls,102,9.767532721234617e-4,0.0014146272457207527,9.305008170719985e-4,9.741765888356271e-4,1.4482953741689064,0.9551664736515261,1.3833631853507318,0.4681799684319793
dials,128,0.0012111740574330923,9.902390720045269e-4,0.0013573007786215514,8.04082263800835e-4,0.817586098321157,1.6880123337203026,1.380095417844373,0.46476801634548087
brings,164,0.001172103926548154,0.0017329183760079218,0.00142266653849851,0.0015385804855419824,1.4784681944640918,0.9246617592432025,1.3670830016782884,0.4511008380240166
saw,89,5.86051963274077e-4,7.78044985146414e-4,7.036431798519658e-4,6.881088603680223e-4,1.3276040929881643,1.0225753806972275,1.3575752608025695,0.44103217989108706
sticks,101,5.469818323891385e-4,6.719479417173575e-4,8.805152359896184e-4,8.04082263800835e-4,1.2284648263039832,1.0950561598355504,1.3452379751854864,0.427861410886497
catches,310,0.003125610470795077,0.0038902249257320694,0.0035066807651638952,0.003247255296118757,1.244628837176404,1.0798906908721386,1.3440630948578134,0.42660086468058006
jumps,300,0.003711662434069154,0.003784127882303013,0.003814284341055465,0.0028993350858203186,1.0195237173425855,1.3155720977923036,1.3412569555733929,0.423585652618495
pushes,439,0.004219574135573354,0.006118262837742255,0.005317696818225512,0.005837327972784908,1.4499716419630835,0.9109813330719042,1.3208970993119875,0.40151808195597255
tries,655,0.009572182066809924,0.013191399066346018,0.01103143324041142,0.011558682542137003,1.378097384094393,0.9543850002105774,1.3152354722091235,0.39532111448052804
considers,83,3.5163117796444617e-4,6.365822605743387e-4,7.228684033451888e-4,9.973712695221897e-4,1.8103692177111332,0.7247736378966412,1.3121078838565945,0.3918863457990468
manages,118,0.0010158234030084,0.0012377988400056586,0.0012842449293473037,0.0011983918354723983,1.2185177426901859,1.0716402526566469,1.3058126616431178,0.3849479355483529
straightens,69,6.251220941590154e-4,7.426793040033952e-4,5.806017494953379e-4,5.334776557909386e-4,1.188054799122931,1.0883337721699566,1.2930001610740798,0.37072245487033406
spots,309,0.003281890994334831,0.003218276984014712,0.004014226665384985,0.003046234730168548,0.9806166595935304,1.3177666926418627,1.2922239722620779,0.36985614407810763
shoots,146,0.0014455948427427232,0.001343895883434715,0.0016187638181293857,0.0011674655945569817,0.9296490577435549,1.386562332694402,1.2890163660920564,0.3662705811006164
drops,418,0.004258644266458293,0.003996321969161126,0.005882918388926271,0.00430647904747178,0.93840239266678,1.3660622341539028,1.2819160690617495,0.3583018074229073
changes,77,5.469818323891385e-4,5.658508982883011e-4,6.344323752763626e-4,5.180145353332302e-4,1.0344966958349333,1.2247385584812647,1.2669879920105076,0.34140285127510306
sees,828,0.027427231881226803,0.029105955580704484,0.03074113236566375,0.025792484923457554,1.0612064573905002,1.191863926910956,1.264813695568706,0.3389248945847594
cuts,131,0.0012893143192029694,0.0014499929268637715,0.0013380755551283283,0.0011906602752435442,1.1246233019114615,1.1238096902616752,1.263862564582182,0.3378395899581208
shouts,81,4.688415706192616e-4,4.243881737162258e-4,9.689512640584447e-4,6.958404205968764e-4,0.9051846088555666,1.3924906277035471,1.2604610841728778,0.3339515767149057
keeps,322,0.0033991013869896463,0.004385344461734333,0.003914255503220225,0.004012679758775321,1.2901481781389685,0.9754716893766935,1.258503022875483,0.33170868180062535
rises,184,0.0029693299472553234,0.003607299476587919,0.0023147169085840622,0.002242152466367713,1.2148530276745761,1.0323637412284918,1.2541702166928859,0.3267331648173413
loves,82,8.986130103535847e-4,0.0014146272457207527,5.613765260021147e-4,7.113035410545849e-4,1.5742341023575073,0.7892221725338425,1.2424204583394554,0.31315349119801755
now,106,8.595428794686463e-4,8.134106662894328e-4,0.0011265980967028741,8.582031854028143e-4,0.9463293638035468,1.3127405209689167,1.2422849020476516,0.3129960750365213
left,94,7.032623559288923e-4,8.134106662894328e-4,7.459386715370566e-4,6.958404205968764e-4,1.156624777982113,1.0719967530733656,1.2398980065210277,0.3102214500168176
drives,197,0.0019535065442469234,0.0016621870137218844,0.0021609151206382774,0.001484459563940003,0.8508735323242326,1.455691467204973,1.23860934067494,0.3087212309473463
slows,112,0.0014065247118577847,0.0014853586080067903,0.0012688647505527252,0.0010824184320395857,1.0560487103314944,1.172249763117782,1.2379528505269335,0.30795636818196115
pats,98,8.595428794686463e-4,0.0010609704342905645,6.728828222628088e-4,6.726457399103139e-4,1.2343426484394089,1.000352462430709,1.2347777078496056,0.30425134249948527
hurries,147,0.0010548935338933385,0.0023695006365822605,0.0010612323368259155,0.0019328900572135458,2.2461988441971465,0.5490391617802556,1.2332511306097802,0.3024666099550492
runs,534,0.007306114475483493,0.009053614372612817,0.008209170431606268,0.008249574764187414,1.2391832078450538,0.9951022526934907,1.2331140016265592,0.30230618334045495
brushes,84,7.423324868138308e-4,9.195077097184891e-4,6.997981351533211e-4,7.035719808257306e-4,1.2386736752760383,0.9946361626453908,1.2320296311464216,0.30103695424217025
crouches,68,6.251220941590154e-4,5.304852171452823e-4,6.382774199750072e-4,4.4069893304468844e-4,0.8486105708020937,1.4483298508696039,1.2290680214561658,0.29756476233536516
races,122,0.0013674545809728462,0.0016975526948649032,0.0012304143035662789,0.0012447811968455235,1.24139603500192,0.9884582982811335,1.2270682122509442,0.2952154500935986
checks,344,0.0040632936120336,0.0030414485782996182,0.004679419398250504,0.002868408844904902,0.7485180419382571,1.6313641643388685,1.221105509979171,0.28818786219859477
bends,173,0.0019144364133619847,0.0020512095062950914,0.0019648178410074015,0.0017241379310344827,1.0714430064004667,1.139594347784293,1.2210103940669819,0.28807548157434437
grips,75,7.814026176987692e-4,5.304852171452823e-4,7.228684033451888e-4,4.020411319004175e-4,0.678888456641675,1.7979961401666678,1.2206388246454378,0.28763638380236517
flips,238,0.0022269974604414923,0.0020158438251520723,0.002714601557243103,0.002017937219730942,0.9051846088555666,1.345235882811582,1.2176868164012746,0.2841431262459594
opens,679,0.010353584684508694,0.013651152921205263,0.012481015091800442,0.013522498840265965,1.3184953170499951,0.9229814133639046,1.216946671244494,0.2832659479885015
bolts,84,6.251220941590154e-4,8.134106662894328e-4,7.036431798519658e-4,7.5769290242771e-4,1.301202875229877,0.9286653967556454,1.2083820843849402,0.27307669977051074
say,81,5.469818323891385e-4,4.243881737162258e-4,6.498125540709411e-4,4.1750425235812584e-4,0.7758725218761999,1.5564214026580652,1.2075845987824054,0.2721242623269316
stands,625,0.010783356124243016,0.011210920922336965,0.01128905123522061,0.009726302767898562,1.039650438431937,1.1606724060122684,1.206693575786506,0.27105936886982557
frowns,82,4.688415706192616e-4,0.0010256047531475457,5.921368835912717e-4,0.0010746868718107315,2.1875294714009526,0.5509855001704682,1.2052970199374937,0.2693887119224734
lands,144,0.0017190857589372925,0.0012731645211486774,0.001910987215226377,0.0011751971547858358,0.7406055890636454,1.6260992527459184,1.2042981949558444,0.2681926604683795
breaks,200,0.0012502441883180308,0.0021573065497241476,0.0014149764491012207,0.0020411319004175043,1.7255081606309237,0.6932312648740602,1.1961762047446882,0.25842992380610924
clicks,142,0.0014846649736276617,0.0022634035931532043,0.001311160242237816,0.0016777485696613578,1.524521446493586,0.7814998420785212,1.1914132696800561,0.2526739326807713
ducks,126,7.032623559288923e-4,0.0010963361154335833,0.0012034989906757666,0.0015927014071439617,1.558929048584587,0.7556337837572992,1.177979455591138,0.23631437823862653
places,223,0.0025395585075210004,0.002546329042297355,0.0024723637412284918,0.0021107159424771918,1.0026660282707813,1.1713389241410006,1.174461746827427,0.23199972436661634
flies,76,0.001172103926548154,9.902390720045269e-4,8.113044314140152e-4,5.875985773929179e-4,0.8448389682651954,1.380712041566957,1.1664793366687596,0.222160751257349
loses,105,8.595428794686463e-4,5.304852171452823e-4,0.0010804575603191387,5.721354569352095e-4,0.6171713242197044,1.8884646061037487,1.165506201691093,0.2209566811078612
fights,100,6.251220941590154e-4,7.78044985146414e-4,9.689512640584447e-4,0.0010360290706664605,1.244628837176404,0.935254899203875,1.1640452176596539,0.21914710122410513
bursts,80,8.595428794686463e-4,0.0011317017965766021,5.921368835912717e-4,6.726457399103139e-4,1.3166321583353695,0.8803101669390239,1.1590446751014964,0.21293617575353926
finally,222,0.0012111740574330923,0.0014146272457207527,0.002349322310871864,0.002373588990258234,1.1679801404587957,0.9897763768344198,1.1560391516378636,0.2091902584937013
dives,104,5.86051963274077e-4,3.89022492573207e-4,0.0010496972027299817,6.030616978506262e-4,0.6638020464940821,1.7406132846294338,1.1554226604918045,0.20842069463104662
goes,675,0.012307091228755616,0.013792615645777337,0.015130250889166587,0.01471315911550951,1.1207047538211776,1.028348213349872,1.1524747312847161,0.20473511902782243
notices,432,0.004336784528228169,0.005587777620596973,0.006267422858790734,0.007012525127570743,1.2884609747673832,0.8937469377684604,1.1515580506325143,0.20358713996157854
had,207,0.002344207853096308,0.0019097467817230159,0.002299336729789484,0.0016390907685170867,0.8146661479700098,1.4028123237309993,1.1428237120987916,0.19260287573451956
sinks,79,0.0011330337956632155,0.0012024331588626398,6.921080457560319e-4,6.494510592237513e-4,1.061250920727216,1.0656816028343472,1.1309555822100064,0.1775422692183455
spins,216,0.0019535065442469234,0.002334134955439242,0.002399307891954244,0.0025591464357507345,1.194843683689348,0.9375422439436915,1.1202164283680576,0.163777491183423
waits,277,0.003281890994334831,0.003748762201159994,0.0026915312890512352,0.002744703881243235,1.1422567683177387,0.9806272026081317,1.1201280593756289,0.16366367876938684
slams,257,0.0023832779839812464,0.002440231998868298,0.0027030664231471693,0.0024740992732333383,1.0238973444431818,1.0925456599057966,1.1186545998604687,0.16176465294511946
listens,217,0.0020707169369017387,0.0021926722308671666,0.0020878592713640294,0.001987010978815525,1.0588952028121723,1.0507537671526208,1.1126381233747284,0.15398444397882305
drinks,101,0.001172103926548154,7.426793040033952e-4,0.0010035566663462463,5.721354569352095e-4,0.6336292261988966,1.7540543138543716,1.111420077598382,0.15240420765584028
taps,153,0.0016409454971674155,8.487763474324516e-4,0.0015880034605402287,7.499613421988557e-4,0.5172483479174667,2.1174470885182806,1.0952460083387303,0.13125495671937748
thinks,281,0.0025004883766360617,0.003112179940585656,0.0024877439200230705,0.002829751043760631,1.244628837176404,0.8791387940321965,1.094201494932959,0.12987843189042628
leaps,180,0.002852119554600508,0.0027585231291554677,0.0019571277516101126,0.001731869491263337,0.9671835546675916,1.1300665330055892,1.092981766403227,0.12826933354498624
releases,80,0.0010158234030084,9.548733908615079e-4,6.459675093722964e-4,5.566723364775012e-4,0.9399994015038576,1.1604088564196224,1.090783630534221,0.12536495490348787
sits,634,0.009494041805040047,0.011741406139482246,0.010439296356820149,0.011844750270604608,1.236713128148346,0.8813437276704427,1.0899693584212373,0.12428757805257476
gets,727,0.012854073061144755,0.012625548168057717,0.01619917331538979,0.014628111952992113,0.9822215968432744,1.1074001462011183,1.087712339946138,0.12129706706138124
seems,341,0.003907013088493847,0.004597538548592446,0.003937325771412092,0.004260089686098654,1.1767399915122363,0.9242354179209439,1.0875847778395997,0.12112786422723573
took,77,5.469818323891385e-4,2.475597680011317e-4,7.61318850331635e-4,3.169939693830215e-4,0.4525923044277833,2.401682441509602,1.0869829907065756,0.12032936500618954
picks,587,0.00890798984176597,0.009937756401188286,0.009085840622897242,0.009355187876913562,1.11560032933515,0.9712087819549828,1.0834808370021687,0.11567363741273809
gasps,123,6.251220941590154e-4,0.0016975526948649032,7.151783139478996e-4,0.0017937219730941704,2.7155538265667,0.398711910025954,1.0827236529686972,0.11466506624627919
fires,178,0.0016409454971674155,0.001167067477719621,0.0024146880707488225,0.0015927014071439617,0.7112164783865166,1.5160958984012267,1.0782723857571626,0.10872166783276559
falls,367,0.005352607931236569,0.004137784693733201,0.005786792271460155,0.00415957940312355,0.7730408703365058,1.391196491432447,1.075451746546032,0.10494279525798172
then,231,0.0023051377222113693,0.0017682840571509406,0.0032682879938479284,0.0023426627493428175,0.7671056007250564,1.3951167297831386,1.0702018570818708,0.09788293750966012
motions,140,0.0014846649736276617,8.134106662894328e-4,0.0016456791310198982,8.42740064945106e-4,0.5478748948336324,1.9527719156524186,1.0698747079221398,0.09744185378231184
flicks,86,9.376831412385232e-4,6.719479417173575e-4,7.61318850331635e-4,5.102829751043761e-4,0.7166044820106569,1.491954243968086,1.0691410981823515,0.09645226298824913
types,81,0.0014065247118577847,0.0013085302022916962,7.920792079207921e-4,6.958404205968764e-4,0.9303286257682213,1.1383058305830585,1.0589984990702905,0.0827005445848452
looks,905,0.07423324868138308,0.08325081341066629,0.07336729789483802,0.07860677284676047,1.121476089076844,0.9333457568327285,1.0467249491292354,0.06588239101875464
should,142,0.0010158234030084,0.0012377988400056586,9.497260405652216e-4,0.0011056131127261482,1.2185177426901859,0.8590039586482919,1.0467115646540504,0.0658639431548261
lets,330,0.0037507325649540927,0.004349978780591314,0.0035835816591367874,0.00397402195763105,1.1597677800961945,0.9017518517368717,1.0458227432865044,0.06463834962314918
collapses,110,0.0012893143192029694,7.78044985146414e-4,0.0011650485436893205,6.726457399103139e-4,0.6034564059037111,1.7320388349514564,1.045209930225457,0.06379273644773034
starts,663,0.014026176987692908,0.016020653557787524,0.013972892434874555,0.015308489253131281,1.1421967348511746,0.912754498750846,1.0425452081939368,0.06010994503499143
digs,102,6.641922250439539e-4,6.719479417173575e-4,8.266846102085937e-4,8.04082263800835e-4,1.011676915779751,1.0281094950421106,1.0401146430280797,0.05674255318627807
slides,257,0.0023832779839812464,0.00208657518743811,0.0027799673171200615,0.0023503943095716717,0.8755064249586627,1.1827663578825944,1.0355195455511685,0.05035478485115086
eyes,131,0.0017972260207071693,0.0019451124628660347,0.0013380755551283283,0.001399412401422607,1.082285945370786,0.9561695707198784,1.0348488877813422,0.04942011577783323
steps,468,0.006798202773979293,0.006436553968029424,0.007397866000192252,0.0067805783207051185,0.9468022920213397,1.0910376151252745,1.0329969146821063,0.04683594521994043
stops,682,0.014846649736276616,0.015277974253784127,0.012980870902624243,0.01299675274470388,1.0290519763831705,0.9987780146016774,1.027794489893915,0.03955182284820216
sighs,175,0.0018753662824770464,0.0023695006365822605,0.0015995385946361628,0.0019715478583578164,1.2634868498608949,0.8113110660009464,1.0250808630388204,0.03573772056351453
was,584,0.006563781988669662,0.006153628518885274,0.00894357396904739,0.008218648523271995,0.9375126306004082,1.0882049455847504,1.0202058811675334,0.02886032255674567
grabs,638,0.013361984762648955,0.01220115999434149,0.012973180813226954,0.011666924385340963,0.9131248247227206,1.1119623634080675,1.015360438185254,0.021991954085179493
slips,258,0.002773979292830631,0.0031475456217286745,0.0026992213784485246,0.003038503169939694,1.1346680308189496,0.888339168164204,1.007970054640221,0.011452779052333635
squeezes,96,8.595428794686463e-4,9.548733908615079e-4,8.189945208113044e-4,9.045925467759394e-4,1.1109083835954678,0.9053739429208044,1.0057875034796062,0.008325533713268485
glances,395,0.006134010548935339,0.0071438675908898006,0.005752186869172354,0.006672336477501159,1.1646324266804104,0.8620948431735252,1.0040236092338506,0.0057931941135130754
recognizes,74,5.079117015042e-4,5.304852171452823e-4,7.11333269249255e-4,7.499613421988557e-4,1.044443779448731,0.9484932478834912,0.9906478726010356,-0.013555754658725001
stares,583,0.011252197694862277,0.011493846371481115,0.010954532346438527,0.01131127261481367,1.0214756870765942,0.9684615267863015,0.9892599034812848,-0.015578491796467525
wears,280,0.0032428208634498927,0.0031829113028716935,0.0033413438431221763,0.0033245708984072984,0.9815254794819397,1.0050451457428426,0.9864774185762396,-0.01964206824764616
kneels,163,0.0014065247118577847,0.0016975526948649032,0.0015687782370470058,0.0019251584969846914,1.2069128118074222,0.8148826392757419,0.9834922974613389,-0.02401434127307764
will,152,0.0015628052353975385,0.0014853586080067903,0.0014880322983754687,0.001438070202566878,0.950443839298345,1.0347424595262533,0.9834645959171445,-0.024054977527559283
made,81,7.032623559288923e-4,4.243881737162258e-4,6.421224646736518e-4,3.943095716715633e-4,0.6034564059037111,1.62847293295863,0.9827124232346899,-0.025158800673935746
walks,723,0.019495995311584295,0.020759654830952046,0.018229356916274152,0.019777331065409,1.0648163635234822,0.9217298762904218,0.981473055022516,-0.026979433837786043
drags,122,0.0012502441883180308,8.134106662894328e-4,0.0010612323368259155,7.035719808257306e-4,0.6506014376149385,1.508349345550153,0.9813342526404812,-0.027183477818850478
reaches,665,0.0162531744481344,0.014959683123496959,0.014968759011823513,0.01404824493582805,0.920416080639194,1.0655252012048724,0.9807265295152773,-0.0280771903633109
presses,248,0.0023051377222113693,0.00208657518743811,0.0027338267807363262,0.002528220194835318,0.9051846088555665,1.0813246355365027,0.9787984172639972,-0.03091632633400378
closes,411,0.005235397538581754,0.006719479417173575,0.004133423051042968,0.0054275552806556365,1.2834707140489376,0.7615625889200819,0.9774432797942151,-0.03291510840989907
makes,492,0.006368431334244969,0.006118262837742255,0.005863693165433048,0.0057677439307252205,0.9607174069448652,1.016635487958593,0.9766994097997073,-0.03401346996731594
reads,239,0.0025395585075210004,0.0022634035931532043,0.002164760165336922,0.001987010978815525,0.8912586917962502,1.0894555633645038,0.9709867401743943,-0.042476500597439466
turns,868,0.033951943739011524,0.03603762908473617,0.03637796789387677,0.03981753517859904,1.0614305137213145,0.9136167703677711,0.9697407179158715,-0.04432903313385223
follows,251,0.003203750732564954,0.002899985853727543,0.002510814188214938,0.0023503943095716717,0.9051846088555666,1.0682523259990793,0.9669655638685258,-0.048463582352490805
smashes,79,0.0013283844500879079,4.5975385485924456e-4,0.001076612515620494,3.8657801144270914e-4,0.34609999750359893,2.784981255407094,0.963882005543965,-0.05307154639434216
hesitates,216,0.0017190857589372925,0.002899985853727543,0.0016456791310198982,0.0028916035255914644,1.6869349528671922,0.5691233657917477,0.9600740982475198,-0.05878233796103935
examines,99,9.767532721234617e-4,5.658508982883011e-4,0.001088147649716428,6.571826194526055e-4,0.5793181496675626,1.655776670756739,0.959221477165511,-0.060064133535880276
leans,493,0.008087517093182263,0.009159711416041874,0.005936749014707296,0.007035719808257307,1.1325739791960954,0.8438012280903754,0.9556673145488686,-0.065419618086085915
begins,399,0.005782379370970893,0.005799971707455086,0.0058329328078438915,0.006138858821710221,1.0030424044075197,0.9501656541140162,0.9530564422879665,-0.06936643836212679
leaves,363,0.0035553819105294004,0.00477436695430754,0.00356051139094492,0.005025514148755219,1.3428562878626535,0.7084869896997168,0.9513962089871477,-0.07188181825878236
hangs,397,0.005782379370970893,0.006436553968029424,0.004929347303662405,0.0057677439307252205,1.113132424403467,0.8546404561068304,0.9513280028994809,-0.07198524952208654
lifts,332,0.005040046884157062,0.0029707172160135806,0.0041910987215226375,0.0026055357971238595,0.5894225359989735,1.6085362274235548,0.9481075024142134,-0.07687744461739986
exits,255,0.0019925766751318617,0.0026170604045833924,0.0024954340094203594,0.003463738982526674,1.3134051187316065,0.7204451669161368,0.9462363699931007,-0.07972748085634768
stays,88,5.86051963274077e-4,6.012165794313199e-4,6.613476881668749e-4,7.19035101283439e-4,1.0258758900363087,0.9197710751344472,0.9435709703332037,-0.08379706121944905
lowers,174,0.0012893143192029694,0.001167067477719621,0.001514947611265981,0.0014535333230245864,0.9051846088555666,1.0422517236230957,0.943430218776812,-0.08401228267659723
hops,73,7.814026176987692e-4,7.78044985146414e-4,7.151783139478996e-4,7.5769290242771e-4,0.9957030697411233,0.9438894196532789,0.9398335926449372,-0.08952275971257821
does,608,0.010275444422738816,0.008982883010326778,0.010835335960780543,0.010213391062316375,0.8742087096932087,1.0608950440328202,0.9274436875638516,-0.10866840791266393
enters,302,0.002773979292830631,0.002546329042297355,0.0029030087474766894,0.0028838719653626103,0.9179336878535324,1.0066357946344102,0.9240249072941352,-0.11399635456050237
knows,441,0.005743309240085954,0.005587777620596973,0.005656060751706239,0.005968764496675429,0.9729195115590443,0.9476099710177267,0.9219482301510468,-0.11724235312784793
blinks,88,0.0013674545809728462,0.0012024331588626398,8.574449677977506e-4,8.195453842585434e-4,0.8793221914596934,1.0462446427826515,0.9199861320946052,-0.12031598079285762
approaches,330,0.003946083219378785,0.002298769274296223,0.003914255503220225,0.002489562393691047,0.5825445502535824,1.5722664807034281,0.9159152698801614,-0.12671395221759835
comes,418,0.005079117015042001,0.004880463997736596,0.005317696818225512,0.005605381165919282,0.9608882770928321,0.9486771123714314,0.9115727160239877,-0.13357035045742455
forces,100,0.001093963664778277,0.0014499929268637715,6.267422858790734e-4,9.200556672336477e-4,1.3254488915385083,0.6812003971058769,0.9028963112595761,-0.14736777697172257
almost,119,8.595428794686463e-4,0.0011317017965766021,8.343746996058829e-4,0.001229318076387815,1.3166321583353695,0.6787297084718548,0.8936373609916343,-0.1622385919325095
folds,85,7.423324868138308e-4,8.134106662894328e-4,5.38306257810247e-4,6.649141796814598e-4,1.0957497896672648,0.8095875742462482,0.8871054141975575,-0.17282254559904067
speaks,326,0.0037507325649540927,0.0025109633611543358,0.004352590598865712,0.0032859130972630276,0.6694594502994294,1.3246213366053912,0.8867802718587406,-0.173351419864992
holds,674,0.011721039265481539,0.009937756401188286,0.012946265500336441,0.012471006649141797,0.847856250294714,1.0381091009383232,0.8801672897183835,-0.18415033805828762
gently,125,9.376831412385232e-4,0.0010609704342905645,8.766701912909738e-4,0.0011288077934127106,1.1314807610694582,0.7766337160381819,0.8787461080950835,-0.18648170028324948
quickly,281,0.003438171517874585,0.003076814259442637,0.0032375276362587714,0.003301376217720736,0.8948984201185715,0.9806600104770714,0.877591094049393,-0.18837920979799963
uses,140,0.001601875366282477,7.78044985146414e-4,0.0016995097568009228,9.432503479202103e-4,0.485708814507865,1.8017589503658307,0.8751302038111228,-0.19243041460757743
shoves,157,0.0025786286384059387,0.0011317017965766021,0.0018763818129385755,9.432503479202103e-4,0.4388773861117899,1.9892723252907816,0.8730466383881405,-0.19586936981378952
draws,167,0.0028911896854854464,0.0012024331588626398,0.0026107853503796984,0.001267975877532086,0.41589563109580086,2.0590181537689647,0.8563366544994543,-0.22375001520729837
pulls,742,0.021254151201406526,0.01669260149950488,0.01969047390175911,0.018269676820782434,0.7853807635658592,1.0777680467429214,0.8464582914978402,-0.24048911256878688
appears,98,6.641922250439539e-4,6.365822605743387e-4,7.997692973180814e-4,9.123241070047935e-4,0.9584307623176587,0.8766284823315309,0.8401877045903813,-0.2512164214841125
indicates,80,8.986130103535847e-4,9.548733908615079e-4,6.536575987695857e-4,8.272769444873975e-4,1.0626080190913172,0.7901315310734413,0.839600101055539,-0.2522257546123259
waves,240,0.0024614182457511234,0.0020512095062950914,0.0023147169085840622,0.0023040049481985463,0.8333445605336962,1.0046492783767202,0.837219011379343,-0.25632302253014005
scrambles,87,6.251220941590154e-4,4.243881737162258e-4,8.612900124963953e-4,7.035719808257306e-4,0.678888456641675,1.2241675847943272,0.8310732423117876,-0.266952467875272
heads,371,0.0045712053135378,0.004703635592021502,0.004837066230894934,0.0060074222978197004,1.0289705382717125,0.8051816554748401,0.8285082014404548,-0.27141211606597204
suddenly,203,0.0031646806016800157,0.002334134955439242,0.0023339421320772856,0.002079789701561775,0.7375578294378691,1.1222010236538147,0.8276881511990624,-0.2728407902824493
puts,641,0.012815002930259816,0.011246286603479982,0.011408247620878593,0.01210762331838565,0.8775875171221651,0.9422367479466394,0.8268952081717545,-0.2742235855998383
carries,180,0.0015628052353975385,0.0012024331588626398,0.0016418340863212535,0.0015308489253131282,0.7694069175272317,1.072499094569651,0.8251882224035821,-0.2772048645514784
takes,835,0.02906817737839422,0.02475597680011317,0.02561568778237047,0.026666151229318077,0.851652185751205,0.9606068593133651,0.8181029313818277,-0.2896457245175416
lies,182,0.0017972260207071693,0.0012731645211486774,0.0017456502931846583,0.00151538580485542,0.7084053460608782,1.151951065920937,0.816048293498919,-0.29327356189433
watches,544,0.008361008009376832,0.0073914273588909325,0.007401711044890897,0.008025359517550642,0.8840354357514645,0.9222902760560583,0.815337286082556,-0.29453110266385546
whispers,128,0.0017581558898222308,0.0014146272457207527,0.0013034701528405268,0.0012911705582186485,0.8046085412049482,1.009525925559244,0.8122731822727983,-0.2999630812353568
winks,73,8.986130103535847e-4,4.243881737162258e-4,6.498125540709411e-4,3.78846451213855e-4,0.47227023070725216,1.715239913133378,0.8100567494937876,-0.3039051136242167
helps,108,8.204727485837078e-4,7.426793040033952e-4,8.113044314140152e-4,9.123241070047935e-4,0.9051846088555666,0.8892721623651587,0.8049554744566502,-0.3130191111099922
gestures,193,0.0030084000781402617,0.0016975526948649032,0.002391617802556955,0.0016777485696613578,0.5642709250008727,1.425492380565514,0.8043639041633986,-0.3140797527429581
just,436,0.005469818323891385,0.004668269910878484,0.00559069499182928,0.005976496056904283,0.85345977406382,0.9354469472745138,0.7983663402695967,-0.3248771980471019
hugs,159,0.0010158234030084,0.0025816947234403734,8.074593867153706e-4,0.002574609556208443,2.541479863325245,0.31362401524854666,0.7970691194093908,-0.3272232591215505
offers,146,0.0017190857589372925,0.0012377988400056586,0.0013034701528405268,0.00118292871501469,0.7200332115896553,1.1019008468522467,0.793405205612384,-0.33387023170397484
moves,578,0.011056847040437585,0.009973122082331306,0.012008074593867154,0.013692593165300757,0.9019860766687978,0.8769759277079491,0.7910200763662723,-0.3382137836197658
gives,479,0.006641922250439539,0.007497524402319988,0.0054445832932807844,0.0077934127106850165,1.1288184533963537,0.6986134951914054,0.7886078051637831,-0.3426201054467579
strides,97,0.001601875366282477,9.548733908615079e-4,9.305008170719985e-4,7.035719808257306e-4,0.5960971814414706,1.3225381942867285,0.7883612899630109,-0.3430711558340532
tosses,265,0.0024223481148661847,0.0015207242891498091,0.0028799384792848218,0.002296273387969692,0.6277893254966027,1.254179269059592,0.7873603573747435,-0.34490401848212804
studies,161,0.0020316468060168,0.0015914556514358468,0.0015418629241564933,0.0015385804855419824,0.7833328345865481,1.002133420152768,0.78500401264218,-0.34922806635548204
yanks,139,0.0017972260207071693,0.0014146272457207527,0.0012996251081418822,0.0013066336786763568,0.7871170511787536,0.9946361626453908,0.7828950833371912,-0.35310911162498665
leads,191,0.0018362961515921079,0.0018390154194369783,0.0015880034605402287,0.00203340034018865,1.0014808438402012,0.7809595725713809,0.7821160517438694,-0.35454540186473865
points,418,0.006563781988669662,0.003642665157730938,0.0064289147361338075,0.004623473016854801,0.5549643732864485,1.3904947022935563,0.7716750210164703,-0.37393468816810044
sets,217,0.0025395585075210004,0.0020512095062950914,0.002195520522926079,0.0023040049481985463,0.8077031894403517,0.9529148470981849,0.7696723612662689,-0.37768365345553745
crosses,240,0.0023832779839812464,0.00208657518743811,0.002803037585311929,0.003200865934745632,0.8755064249586627,0.8757122736334417,0.7666917219812368,-0.38328149182876964
touches,237,0.0025395585075210004,0.0025816947234403734,0.0023647024896664426,0.003139013452914798,1.0165919453300978,0.7533266502794524,0.7658258048765948,-0.3849118215623475
yells,86,0.0012111740574330923,3.1829113028716935e-4,0.001026626934538114,3.5565177052729243e-4,0.26279553160322905,2.886607124199123,0.7585874537335768,-0.3986125837693577
screams,252,0.0017972260207071693,0.002298769274296223,0.0021109295395558975,0.0035797123859594867,1.2790652081654745,0.5896924981558527,0.7542551579073344,-0.40687543773893214
still,178,0.002187927329556554,0.0016268213325788656,0.0014918773430741131,0.0014921911241688572,0.7435445001313583,0.999789717892258,0.7433881460266707,-0.42781241153688027
continues,350,0.0033991013869896463,0.0027585231291554677,0.003952705950206671,0.004329673728158343,0.811544821732577,0.9129339064280907,0.74088678434581,-0.4326749951929046
calls,143,0.0010548935338933385,9.902390720045269e-4,0.0010227818898394694,0.0012989021184475027,0.9387099647391062,0.7874202954276011,0.7391592777557,-0.4360428178387711
wraps,104,0.001172103926548154,0.0015207242891498091,6.690377775641641e-4,0.0011751971547858358,1.2974312726929786,0.5692983299351907,0.7386254567498017,-0.43708510895661434
removes,207,0.0017581558898222308,9.902390720045269e-4,0.0021109295395558975,0.0016158960878305242,0.5632259788434637,1.3063522806036352,0.7357715419573736,-0.44267021780309085
arrives,94,7.032623559288923e-4,6.719479417173575e-4,8.535999230991061e-4,0.0011133446729550023,0.955472642680876,0.7666987087058221,0.732559641347167,-0.4489818735462692
talks,210,0.003985153350263723,0.0018390154194369783,0.002299336729789484,0.0014612648832534405,0.46146666333813197,1.5735249345554068,0.7261293012286361,-0.4617016243087071
raises,317,0.003281890994334831,0.001343895883434715,0.004571758146688455,0.002582341116437297,0.4094882754346611,1.77039281045714,0.7249550987960172,-0.46403645251890735
blows,110,8.204727485837078e-4,7.073136228603763e-4,9.997116216476016e-4,0.0011906602752435442,0.8620805798624444,0.8396279295058493,0.7238269323371062,-0.4662833060131811
aims,87,0.0012502441883180308,3.89022492573207e-4,0.0010227818898394694,4.4069893304468844e-4,0.311157209294101,2.320817712839245,0.7221391628073778,-0.46965121048159114
slowly,261,0.003281890994334831,0.003112179940585656,0.002849178121695665,0.003757538271223133,0.9482886378486889,0.7582565807821343,0.7190461001296945,-0.4758438258967462
reacts,68,3.125610470795077e-4,3.89022492573207e-4,5.844467941939825e-4,0.001012834389979898,1.244628837176404,0.5770408271835854,0.7182016537408162,-0.47753911991190395
works,150,0.001601875366282477,0.0011317017965766021,0.0013380755551283283,0.0013298283593629195,0.7064855483750764,1.006201699420337,0.7108669593909106,-0.4923485139267897
finishes,195,0.0014846649736276617,0.0014853586080067903,0.0015533980582524273,0.002234420906138859,1.0004671992614158,0.6952128195652905,0.6955376224811182,-0.5237995408690453
extends,75,6.251220941590154e-4,3.5365681143018817e-4,7.305584927424781e-4,5.953301376217721e-4,0.5657403805347292,1.2271485123547028,0.6942474663521764,-0.5264780879319273
shakes,434,0.005235397538581754,0.005304852171452822,0.004548687878496587,0.006641410236585743,1.0132663531965298,0.6848978931370764,0.693983990490992,-0.5270257132159027
pauses,268,0.0035553819105294004,0.002334134955439242,0.0033682591560126886,0.003200865934745632,0.6565075185106307,1.0522962300451235,0.6908403867250158,-0.533575669193731
returns,179,0.0019144364133619847,0.0017329183760079218,0.00152263770066327,0.0020102056595020876,0.9051846088555665,0.7574536930914898,0.6856354249072245,-0.5444864434041814
joins,71,5.469818323891385e-4,2.8292544914415053e-4,7.11333269249255e-4,5.48940776248647e-4,0.5172483479174667,1.2958288034464598,0.6702653077665489,-0.5771958315013103
backs,188,0.0015628052353975385,0.001874381100579997,0.0014149764491012207,0.002535951755064172,1.1993696067336257,0.557966627825463,0.6692082149855129,-0.5794729393405705
cracks,67,5.469818323891385e-4,4.951195360022634e-4,5.652215707007594e-4,7.654244626565641e-4,0.9051846088555666,0.7384419995397598,0.66842633251592,-0.5811595256985814
lights,157,0.0016409454971674155,0.0010256047531475457,0.0013688359127174852,0.001314365238905211,0.6250084204002722,1.0414425702992915,0.6509103758003596,-0.6194691832778284
shifts,74,0.001172103926548154,7.78044985146414e-4,4.998558108238008e-4,5.102829751043761e-4,0.6638020464940821,0.9795659177568241,0.6502378608828336,-0.6209605337565566
hits,333,0.004766555967962493,0.0024048663177252795,0.004690954532346438,0.00364156486779032,0.504529126247365,1.288169977099126,0.6499192730039102,-0.6216675639304178
produces,71,8.986130103535847e-4,3.89022492573207e-4,6.844179563587426e-4,4.5616205350239677e-4,0.43291437814831446,1.5003833639905046,0.6495375310060255,-0.6225152062704953
grins,124,0.0032428208634498927,0.0011317017965766021,0.0016149187734307412,8.736663058605226e-4,0.3489868371491341,1.8484388863321424,0.6450808406045222,-0.6324481265513259
rolls,242,0.0025004883766360617,0.0018390154194369783,0.001984043064500625,0.0022730787072831296,0.7354624946951478,0.8728439794643226,0.641944010616471,-0.6394806217273544
wipes,231,0.0018753662824770464,0.0014146272457207527,0.001922522349322311,0.0022730787072831296,0.7543205073796388,0.8457790498685296,0.6379884820278982,-0.6483977164634073
said,172,0.0011330337956632155,7.073136228603763e-4,0.0013573007786215514,0.0013375599195917737,0.6242652474865976,1.0147588595775228,0.6334786906133798,-0.6586320050610907
rushes,188,0.0035944520414143387,0.002546329042297355,0.00178025569547246,0.0019947425390443793,0.7084053460608782,0.8924739211333641,0.6322332969507898,-0.6614710772330544
shuts,175,0.002344207853096308,0.0014146272457207527,0.0015687782370470058,0.00151538580485542,0.6034564059037111,1.0352335570390803,0.6247183216017178,-0.678722253320205
wants,335,0.004883766360617308,0.0029707172160135806,0.0037950591175622416,0.0036956857893922996,0.6082840571509408,1.0268890089236409,0.6246402125917809,-0.6789026458630137
senses,81,8.986130103535847e-4,6.012165794313199e-4,6.690377775641641e-4,7.19035101283439e-4,0.6690494935019405,0.9304660876360106,0.6225278646536051,-0.683789680521313
wanted,71,5.469818323891385e-4,2.8292544914415053e-4,5.421513025088917e-4,4.5616205350239677e-4,0.5172483479174667,1.1885059231610178,0.61475272524516,-0.701921869475988
decides,74,6.251220941590154e-4,3.5365681143018817e-4,5.69066615399404e-4,5.257460955620844e-4,0.5657403805347292,1.0823981769964546,0.6123563565440714,-0.7075566311893634
storms,90,5.469818323891385e-4,4.951195360022634e-4,5.421513025088917e-4,8.04082263800835e-4,0.9051846088555666,0.6742485525625005,0.6103194123227189,-0.7123636161976349
smiles,666,0.0182848212541512,0.022103550714386758,0.01128136114582332,0.022545229627338795,1.2088469669545494,0.5003879460222183,0.6048924508495753,-0.7252494391428383
slaps,147,0.0018753662824770464,0.0014146272457207527,0.0012342593482649235,0.0015540436059996907,0.7543205073796388,0.7942243985302747,0.5990997512726454,-0.7391318603457554
hands,533,0.009533111935924985,0.0063304569246003676,0.007224838988753244,0.008087211999381476,0.664049364693223,0.8933658458942109,0.5932390224046744,-0.7533145955808522
unlocks,74,8.595428794686463e-4,5.304852171452823e-4,5.459963472075362e-4,5.721354569352095e-4,0.6171713242197044,0.9543130749705776,0.5889746641997695,-0.7637225196083827
pounds,70,7.423324868138308e-4,2.8292544914415053e-4,6.344323752763626e-4,4.1750425235812584e-4,0.3811303616233965,1.5195830262637915,0.5791592283166941,-0.7879680518165743
would,132,0.0015628052353975385,9.902390720045269e-4,9.381909064692877e-4,0.0010282975104376063,0.6336292261988966,0.9123730213739675,0.5781062115379364,-0.7905935212233978
staggers,93,0.0011330337956632155,4.951195360022634e-4,9.920215322503124e-4,7.499613421988557e-4,0.4369856732406183,1.3227635565077878,0.5780287232787104,-0.7907869102891778
says,323,0.004532135182652862,0.0024048663177252795,0.004717869845236951,0.004445647131591155,0.530625460363608,1.0612335404920823,0.5631175359769128,-0.8284920165014013
answers,157,0.0014846649736276617,0.0011317017965766021,0.0012150341247717004,0.001654553888974795,0.762260723246793,0.7343575406447277,0.5597719100535863,-0.8370890021229658
locks,104,9.376831412385232e-4,5.304852171452823e-4,7.190233586465443e-4,7.344982217411473e-4,0.5657403805347291,0.9789313811299373,0.5538210120778386,-0.8525083040112851
whips,102,0.0015628052353975385,8.134106662894328e-4,0.0010996827838123619,0.0010360290706664605,0.5204811500919508,1.061440084017096,0.5524595556829152,-0.8560592429650684
switches,89,9.376831412385232e-4,5.304852171452823e-4,7.61318850331635e-4,7.886191433431266e-4,0.5657403805347291,0.9653821578617028,0.5461556693501176,-0.87261587745986
remains,85,7.423324868138308e-4,4.951195360022634e-4,6.152071517831394e-4,7.5769290242771e-4,0.6669781328409438,0.8119478878737882,0.5415514862182073,-0.8848295910691638
nods,485,0.008478218402031647,0.007815815532607158,0.006694222820340287,0.011504561620535024,0.9218700394335494,0.5818755239131805,0.536413612175261,-0.8985822469653143
really,105,0.001172103926548154,6.365822605743387e-4,8.535999230991061e-4,8.736663058605226e-4,0.5431107653133399,0.9770319827755609,0.5306365879008448,-0.9142039406866243
coughs,72,7.814026176987692e-4,3.1829113028716935e-4,5.99826972988561e-4,4.63893613731251e-4,0.407333073985005,1.293027011439008,0.5266926673150953,-0.9249667206466563
ignores,97,9.767532721234617e-4,0.0012731645211486774,4.8447563202922236e-4,0.0012215865161589608,1.3034658367520158,0.3965954319408837,0.5169485965468511,-0.9519072634649349
likes,129,0.0013283844500879079,8.134106662894328e-4,9.535710852638662e-4,0.001144270913870419,0.6123307648140598,0.8333438119461383,0.5102820537220428,-0.9706331908907372
sings,86,0.001601875366282477,9.195077097184891e-4,6.267422858790734e-4,7.19035101283439e-4,0.5740195080547495,0.8716435188774123,0.500340383905123,-0.9990181938092816
did,205,0.002773979292830631,9.548733908615079e-4,0.0019186773046236663,0.001399412401422607,0.34422513294507456,1.3710592407736188,0.47195304943087196,-1.0832847495424947
strokes,69,8.595428794686463e-4,6.012165794313199e-4,4.767855426319331e-4,7.19035101283439e-4,0.6994608341156651,0.6630907750969272,0.4638060266436995,-1.1084065285634503
shows,146,0.0020316468060168,7.78044985146414e-4,0.001595693549937518,0.0013220967991340652,0.3829627191312013,1.2069415423913368,0.46221361490659235,-1.1133683386107418
shrugs,192,0.0030474702090252004,0.0019451124628660347,0.0017110448908968566,0.002404515231173651,0.638271198552002,0.711596611538905,0.4541916221324802,-1.1386270000697678
pours,186,0.0035163117796444617,0.0013792615645777339,0.0017110448908968566,0.00160816452760167,0.3922466638374122,1.0639737797528819,0.4173401655185495,-1.2607043202100947
lunges,73,7.423324868138308e-4,2.8292544914415053e-4,5.99826972988561e-4,5.48940776248647e-4,0.3811303616233965,1.0926988829062039,0.41646072038752285,-1.2637476645413555
glares,98,0.0012893143192029694,8.134106662894328e-4,6.805729116600981e-4,0.001059223751353023,0.6308862425356979,0.6425204408329714,0.40535730666949354,-1.302733946634306
snatches,72,0.0014455948427427232,5.304852171452823e-4,6.690377775641641e-4,6.107932580794804e-4,0.3669667333198243,1.0953588120272024,0.40196024506270595,-1.3148752728041422
gazes,98,0.0022269974604414923,6.365822605743387e-4,0.0013765260021147746,9.819081490644811e-4,0.2858477712175474,1.4018887646734248,0.4007267788768193,-1.3193091726856747
rubs,120,0.001093963664778277,4.951195360022634e-4,9.343458617706431e-4,0.001097881552497294,0.4525923044277833,0.8510443222634857,0.38517611098341203,-1.3764098663542375
laughs,333,0.006954483297519047,0.004915829678879615,0.003122176295299433,0.005852791093242616,0.7068576439939536,0.5334508349194566,0.3770738003577745,-1.4070811814987825
kisses,380,0.008087517093182263,0.004739001273164521,0.003891185235028357,0.006656873357043451,0.5859649158775164,0.5845364672457233,0.34251786185698085,-1.5457488701994233
immediately,79,7.814026176987692e-4,3.1829113028716935e-4,6.075170623858502e-4,7.499613421988557e-4,0.407333073985005,0.8100645035977925,0.32996606437662596,-1.5996104379104108
cries,98,0.001172103926548154,6.365822605743387e-4,6.959530904546765e-4,0.00118292871501469,0.5431107653133399,0.5883305406497246,0.31952865018948295,-1.6459828002309889
disappears,165,0.0028130494237155693,6.719479417173575e-4,0.0011842737671825434,0.001600432967372816,0.238868160670219,0.7399708649632375,0.17675547946331954,-2.5001731552584867
