word2,total,female_he,female_she,male_he,male_she,female_ratio,female_logratio,male_ratio,male_logratio
sobs,41,3.891504844923532e-5,3.5156799324989455e-4,1.4724572987383366e-4,6.279605237655924e-4,9.03424272254254,3.175403675110865,4.264711270769315,2.0924480715952622
hates,42,1.1674514534770595e-4,8.789199831247363e-4,4.0298831333891315e-4,4.961663397654064e-4,7.528535602118783,2.9123692692770713,1.2312176888070958,0.3000858640131312
giggles,55,2.334902906954119e-4,0.001476585571649557,1.7436994327164513e-4,0.0012946840428253571,6.323969905779778,2.6608305022811067,7.424926673333901,2.8923767782986003
ties,43,1.945752422461766e-4,9.843903810997047e-4,4.2623763910846585e-4,7.752599058834474e-4,5.059175924623823,2.3389024073937446,1.818844313010482,0.8630220584042881
buries,47,1.556601937969413e-4,7.73449585149768e-4,2.6349235872159707e-4,5.814449294125856e-4,4.968833497398396,2.3129071988608,2.2066861150494823,1.1418814313997647
sweeps,49,2.334902906954119e-4,0.001089860779074673,4.184878638519483e-4,4.1864034917706163e-4,4.6676920733136456,2.222709389889222,1.0003643721557653,5.255821542233446e-4
understands,67,1.945752422461766e-4,8.086063844747574e-4,4.533618525062773e-4,6.667235190597648e-4,4.155751652369569,2.0551094413931534,1.4706211282973642,0.5564256172729166
covers,114,4.280655329415885e-4,0.0016875263675994938,7.904770761647912e-4,0.0012714262456488539,3.942215006200381,1.9790064623073618,1.608428990524956,0.6856522448008114
barely,69,3.5023543604311786e-4,0.001160174377724652,4.533618525062773e-4,4.1088775011822716e-4,3.312555664932265,1.727944698139644,0.9063130209274455,-0.14191868286598208
came,122,2.334902906954119e-4,7.73449585149768e-4,0.001146966737964599,6.667235190597648e-4,3.312555664932265,1.727944698139644,0.581292810847269,-0.7826630287726286
simply,42,1.1674514534770595e-4,3.86724792574884e-4,5.424842679562292e-4,1.6280458023552397e-4,3.312555664932265,1.727944698139644,0.3001093116467296,-1.7364400120119827
sips,82,3.5023543604311786e-4,0.001089860779074673,6.742304473170278e-4,7.442495096481095e-4,3.1117947155424304,1.6377468891680655,1.1038503416891203,0.14254458702665115
tucks,58,1.945752422461766e-4,5.976655885248207e-4,4.7661117827583e-4,5.271767360007443e-4,3.0716425256644637,1.61901032658648,1.106093939944586,0.1454739180653227
gathers,89,3.891504844923532e-4,0.001160174377724652,4.804860659040888e-4,9.458170851778058e-4,2.9813000984390383,1.575941604694594,1.9684589258548928,0.9770666093302341
used,46,2.334902906954119e-4,6.679791871747996e-4,2.6349235872159707e-4,4.57403344471234e-4,2.860843528805138,1.5164405929459321,1.7359264105055927,0.7957057902657251
wheels,50,2.334902906954119e-4,6.679791871747996e-4,4.301125267367246e-4,4.4189814635356504e-4,2.860843528805138,1.5164405929459321,1.027401247078894,0.038999729968858886
clutches,81,2.7240533914464724e-4,7.73449585149768e-4,6.858551102018041e-4,7.830125049422819e-4,2.839333427084798,1.505552276803196,1.1416587750026248,0.19113151482302057
bangs,72,2.7240533914464724e-4,7.382927858247785e-4,7.517281998822035e-4,5.349293350595787e-4,2.7102728167627617,1.4384380809446589,0.7115993987499772,-0.49086280325473564
gasps,123,6.226407751877651e-4,0.0016875263675994938,7.207290988561332e-4,0.001798602981649598,2.7102728167627617,1.4384380809446589,2.495532627313307,1.319347766173764
stirs,65,2.334902906954119e-4,6.328223878498101e-4,3.216156731454788e-4,9.535696842366404e-4,2.7102728167627617,1.4384380809446589,2.9649353680761235,1.5680006561465383
flinches,45,3.5023543604311786e-4,9.140767824497258e-4,2.789919092346322e-4,6.977339152951027e-4,2.609892342067845,1.3839902969222826,2.500910930389413,1.3224536770415853
snaps,168,7.39385920535471e-4,0.0018984671635494305,0.0015460801636752535,0.001325694439060695,2.5676268790384063,1.360435568943386,0.857455176133513,-0.2218668391822249
chooses,46,2.334902906954119e-4,5.976655885248207e-4,2.9061657211940854e-4,2.713409670592066e-4,2.5597021047203863,1.355975920752686,0.9336734140120475,-0.0990100913966913
hugs,159,0.0010117912596801183,0.00256644635072423,8.13726401934344e-4,0.00258161548659188,2.53653737979079,1.3428604209624277,3.172584151693998,1.6656584315593626
emerges,72,2.7240533914464724e-4,6.679791871747996e-4,4.572367401345361e-4,7.287443115304406e-4,2.4521515961186893,1.294048171609484,1.5938008641125752,0.6724713844700193
never,134,5.837257267385298e-4,0.0014062719729995782,0.0010307201091168355,0.0010155904767073162,2.4091313926780105,1.2685130795023465,0.9853212988902652,-0.021333851809515844
spies,42,1.1674514534770595e-4,2.812543945999156e-4,4.3786230199324217e-4,1.783097783531929e-4,2.4091313926780105,1.2685130795023465,0.40722797450588677,-1.2960914242039516
settles,66,1.945752422461766e-4,4.570383912248629e-4,4.533618525062773e-4,5.504345331772477e-4,2.3489031078610605,1.2319872034772326,1.2141174431292194,0.2799079820755008
winces,83,4.669805813908238e-4,0.001089860779074673,8.059766266778263e-4,5.814449294125856e-4,2.3338460366568228,1.2227093898892218,0.7214166145354077,-0.47109544549098786
flashes,54,2.7240533914464724e-4,6.328223878498101e-4,3.332403360302551e-4,4.961663397654064e-4,2.323090985796653,1.2160456596082108,1.4889144143713717,0.5742608274521255
wakes,83,3.5023543604311786e-4,8.086063844747574e-4,6.122322452648873e-4,0.0010000852785896472,2.3087509179830934,1.2071125348382032,1.6335063798492877,0.7079720894003745
speeds,41,2.334902906954119e-4,5.273519898748418e-4,3.1774078551722e-4,3.566195567063858e-4,2.258560680635635,1.1754036751108652,1.1223600272967122,0.1665355335931524
fumbles,76,3.891504844923532e-4,8.789199831247363e-4,5.773582566105583e-4,4.496507454123995e-4,2.2585606806356346,1.175403675110865,0.7788071622152267,-0.3606619431803661
peers,150,7.783009689847064e-4,0.0017578399662494726,0.0013988344338014198,0.0014109730287078742,2.2585606806356346,1.175403675110865,1.0086776494866996,0.012465195465748473
hurries,147,0.0010507063081293536,0.0023555055547742933,0.0010694689853994234,0.0019381497647086186,2.2418306015198155,1.1646772685178066,1.8122542973836329,0.8577854100381413
nudges,44,2.7240533914464724e-4,5.976655885248207e-4,3.564896617998078e-4,3.1785656141221347e-4,2.194030375474617,1.1335834994162381,0.8916291143127474,-0.1654843692847058
frowns,82,4.669805813908238e-4,0.001019547180424694,5.967326947518522e-4,0.001077611269177992,2.183275324614447,1.1264940746299186,1.8058525679175503,0.8526801141828293
means,100,6.226407751877651e-4,0.0013359583743495992,7.982268514213088e-4,0.0010078378776484816,2.145632646603853,1.1014030936670882,1.2625958095169851,0.33639286799945917
darts,51,1.1674514534770595e-4,2.4609759527492617e-4,4.6498651539105364e-4,7.132391134127716e-4,2.1079899685932593,1.0758680015599507,1.5338920373055067,0.6171969426027175
spits,82,4.280655329415885e-4,8.789199831247363e-4,5.734833689822995e-4,8.372806983541233e-4,2.0532369823960317,1.03790015136093,1.4599912458489546,0.5459597186887418
squints,70,3.113203875938826e-4,6.328223878498101e-4,7.24603986484392e-4,3.1785656141221347e-4,2.032704612572071,1.023400581665815,0.4386624519613516,-1.1888168731153297
downs,44,5.058956298400591e-4,0.001019547180424694,2.983663473759261e-4,3.023513632945445e-4,2.015331068874874,1.0110168572099825,1.0133561172486971,0.019141260321569972
breathes,90,7.004708720862357e-4,0.0013711151736745886,5.812331442388171e-4,7.364969105892751e-4,1.9574192565508837,0.9689527976434388,1.267128204730636,0.3415624999892902
rings,57,2.334902906954119e-4,4.570383912248629e-4,3.836138751976193e-4,5.504345331772477e-4,1.9574192565508837,0.9689527976434388,1.4348660691527138,0.5209160815792956
swallows,90,7.004708720862357e-4,0.0013711151736745886,6.432313462909576e-4,7.985177030599509e-4,1.9574192565508837,0.9689527976434388,1.2414160280969135,0.3119866779905169
freezes,148,0.0010507063081293536,0.002039094360849388,0.0010810936482841997,0.0014807464202373846,1.9406891774350639,0.9565690731876062,1.3696745167150621,0.45383309836078434
sneaks,49,3.5023543604311786e-4,6.679791871747996e-4,2.8674168449114977e-4,4.496507454123995e-4,1.9072290192034251,0.931478092224776,1.5681387455414697,0.6490532116528454
jerks,81,5.058956298400591e-4,9.140767824497258e-4,8.369757277038966e-4,4.57403344471234e-4,1.806848544508508,0.8534755802235029,0.5464953514554644,-0.871718870647404
pockets,45,1.945752422461766e-4,3.5156799324989455e-4,5.347344926997117e-4,1.3954678305902053e-4,1.806848544508508,0.8534755802235029,0.2609646188232431,-1.9380738731816334
considers,83,3.5023543604311786e-4,6.328223878498101e-4,7.284788741126507e-4,0.0010000852785896472,1.8068485445085078,0.8534755802235027,1.3728404681712099,0.4571639858998401
hides,55,2.7240533914464724e-4,4.921951905498523e-4,5.153600545584178e-4,3.7212475482405476e-4,1.8068485445085078,0.8534755802235027,0.722067516744011,-0.46979435262581015
retreats,41,1.556601937969413e-4,2.812543945999156e-4,2.6349235872159707e-4,2.8684616517687554e-4,1.8068485445085078,0.8534755802235027,1.0886318167577445,0.12251610653283347
lays,151,9.72876211230883e-4,0.0016875263675994938,0.001131467187451564,0.0014032204296490398,1.7345746027281677,0.7945818911699343,1.240177749042421,0.31054691035741105
becomes,84,4.669805813908238e-4,8.086063844747574e-4,6.471062339192163e-4,6.434657218832614e-4,1.7315631884873202,0.7920750355593594,0.9943741663344733,-0.0081392789729042
twists,89,4.669805813908238e-4,8.086063844747574e-4,7.323537617409095e-4,7.907651040011163e-4,1.7315631884873202,0.7920750355593594,1.0797583699459052,0.110708499904646
struggles,231,0.0012841965988247656,0.0022148783574743357,0.0021970612852227284,0.002659141477180225,1.7247190652126667,0.7863613843649658,1.2103173885341358,0.2753854233848068
breaks,200,0.0012452815503755303,0.0021445647588243565,0.0014259586471992312,0.0020466861515323013,1.7221525189846714,0.7842129177863888,1.4353054035278372,0.5213577454556638
bites,62,3.891504844923532e-4,6.679791871747996e-4,4.4561207724975977e-4,5.504345331772477e-4,1.7165061172830827,0.779474998779726,1.2352325290966841,0.30478265071453015
hesitates,216,0.001712262131766354,0.002882857544649135,0.001658451904894758,0.0028994720480040935,1.683654325564746,0.7515959662042891,1.7483003513376458,0.805953055640713
stuffs,51,2.334902906954119e-4,3.86724792574884e-4,4.06863200967172e-4,3.1785656141221347e-4,1.6562778324661325,0.727944698139644,0.7812369382549785,-0.3561679308938158
pops,122,7.783009689847064e-4,0.0012656447756996202,0.0012438389286710686,9.923326795308128e-4,1.626163690057657,0.7014724867784526,0.797798377794006,-0.32590390496807986
regards,51,3.5023543604311786e-4,5.625087891998312e-4,4.533618525062773e-4,7.054865143539371e-4,1.6060875951186737,0.6835505787811904,1.5561223566867457,0.6379555027695147
kicks,189,0.001362026695723236,0.002179721558149346,0.0018289469605381444,0.0018063555807084325,1.60035156799325,0.6783888736654117,0.9876478758995478,-0.017931322553337906
passes,501,0.005448106782892944,0.008718886232597384,0.006474937226820422,0.006132305855538069,1.60035156799325,0.6783888736654117,0.9470834450930106,-0.07843655143417289
bounces,47,4.669805813908238e-4,7.382927858247785e-4,4.339874143649834e-4,3.643721557652203e-4,1.5809924764449446,0.660830502281107,0.8395915266307316,-0.2522404882257435
doubles,42,3.113203875938826e-4,4.921951905498523e-4,2.983663473759261e-4,2.0932017458853082e-4,1.5809924764449443,0.6608305022811067,0.7015542350183289,-0.5113734563772095
loves,82,8.950461143324124e-4,0.0014062719729995782,5.65733593725782e-4,7.132391134127716e-4,1.5711726473987027,0.6518417190538524,1.2607331813469917,0.3342629793312188
ducks,126,7.004708720862357e-4,0.001089860779074673,0.0012128398276449984,0.0015970354061199017,1.5558973577712152,0.6377468891680657,1.31677355056925,0.3970072624048231
found,49,2.7240533914464724e-4,4.2188159189987344e-4,3.4873988654329026e-4,5.736923303537511e-4,1.5487273238644355,0.6310831588870549,1.6450436342117027,0.7181258514534982
adjusts,72,3.891504844923532e-4,5.976655885248207e-4,5.851080318670758e-4,4.3414554729473057e-4,1.5358212628322319,0.6190103265864799,0.741992117095667,-0.4305242351132514
knocks,195,0.0011674514534770596,0.0017929967655744622,0.0017243249945751574,0.0017908503825907636,1.5358212628322316,0.6190103265864797,1.0385805391819405,0.05461309771652056
clicks,142,0.001478771841070942,0.002250035156799325,0.001321336681236244,0.001682313995767081,1.5215566690597961,0.6055480667799172,1.2731910191073377,0.34844888557453013
needs,158,9.72876211230883e-4,0.001476585571649557,0.0015848290399578411,0.0011396320616486677,1.5177527773871466,0.6019368132275383,0.7190883261950978,-0.4757591059511612
signals,50,2.334902906954119e-4,3.5156799324989455e-4,4.921107287888651e-4,3.333617595298824e-4,1.5057071204237569,0.5904411743897091,0.6774120945306757,-0.5618943499158445
stumbles,175,0.0010507063081293536,0.0015820559696245254,0.0015383303884187358,0.0012171580522370125,1.5057071204237567,0.5904411743897089,0.7912201835186657,-0.3378488660971075
hears,566,0.0082499902712378885,0.012410350161721278,0.01016770513655104,0.0086131375543651,1.5042866420082623,0.5890794989314837,0.8471073303849506,-0.23938332107476856
writes,112,0.0013231116472740008,0.0019687807621994093,0.001325211568864503,7.054865143539371e-4,1.4879929190070067,0.5733676610307676,0.5323576483402025,-0.9095322925329785
brings,164,0.0011674514534770596,0.0017226831669244832,0.0014337084224557489,0.0015427672127080604,1.4755929780152814,0.5612948287301924,1.0760676219405259,0.1057687421815599
sprints,62,3.113203875938826e-4,4.570383912248629e-4,7.24603986484392e-4,2.480831698827032e-4,1.4680644424131626,0.5539152983645947,0.34237069421373784,-1.5463688777334135
feels,306,0.0025683931976495313,0.003726620728448882,0.0033905266747264328,0.0027831830621215764,1.4509541342265289,0.5370019154282483,0.8208704219518166,-0.2847735907424165
pushes,439,0.0042028252325174145,0.006082126283223175,0.005358969589881893,0.005853212289420028,1.4471518435183883,0.5332163056967588,1.0922271886877841,0.12727297521617023
crawls,102,9.72876211230883e-4,0.0014062719729995782,9.377228060386248e-4,9.768274814131437e-4,1.4454788356068065,0.5315474853361405,1.0417017429060034,0.058942268379545006
pokes,60,1.945752422461766e-4,2.812543945999156e-4,5.541089308410056e-4,3.2560916047104794e-4,1.4454788356068062,0.5315474853361403,0.5876266242033866,-0.7670283318454058
remembers,90,0.0010117912596801183,0.0014414287723245676,8.253510648191202e-4,6.357131228244269e-4,1.4246305831701698,0.5105878667004943,0.7702336010964578,-0.3766320334535313
searches,125,0.0010117912596801183,0.0014414287723245676,9.958461204625066e-4,7.752599058834474e-4,1.4246305831701698,0.5105878667004943,0.7784936748293892,-0.3612427772649303
also,88,5.058956298400591e-4,7.031359864997891e-4,7.711026380234973e-4,5.659397312949167e-4,1.3898834957757755,0.4749639569697731,0.7339356700238279,-0.44627447950940824
realizes,257,0.0024905631007510606,0.0034453663338489663,0.002933289934591897,0.002155222538355984,1.3833684168893263,0.4681854243387109,0.7347458268409583,-0.44468283510800105
tries,655,0.009534186870062654,0.013113486148221066,0.011117052605474442,0.011590135592957539,1.3754173614319867,0.45986946147616997,1.0425547134003965,0.06012309847102595
eases,43,2.334902906954119e-4,3.1641119392490505e-4,4.2623763910846585e-4,2.1707277364736528e-4,1.3551364083813808,0.4384380809446588,0.509276407642935,-0.9734792093128323
meets,63,4.669805813908238e-4,6.328223878498101e-4,4.2623763910846585e-4,6.744761181185992e-4,1.3551364083813808,0.4384380809446588,1.5823945523191194,0.6621093644782917
scans,153,0.0010117912596801183,0.0013711151736745886,0.0017785734213707802,9.458170851778058e-4,1.3551364083813808,0.4384380809446588,0.5317841106884678,-0.9110874236966986
leaves,363,0.003541269408880414,0.004746167908873576,0.003588145943767631,0.005039189388242408,1.340244799498069,0.4224965370756374,1.4043992265685687,0.4899531068098035
must,121,8.172160174339417e-4,0.001089860779074673,0.0012322142657862922,0.001031095674824985,1.3336263066610416,0.4153544678316177,0.8367827767089105,-0.25707493762894257
climbs,278,0.002724053391446472,0.0036211503304739135,0.003340153135559069,0.0023490375148268457,1.3293242863169736,0.4106930904617546,0.703272400842684,-0.5078444934619242
got,123,6.615558236370004e-4,8.789199831247363e-4,0.001197340277131963,8.605384955306266e-4,1.3285651062562558,0.409868928747888,0.7187083838788993,-0.4765215794000453
saw,89,5.837257267385298e-4,7.73449585149768e-4,7.091044359713568e-4,6.899813162362682e-4,1.3250222659729058,0.4060166032522815,0.9730320122607989,-0.03944082516342157
forces,100,0.001089621356578589,0.0014414287723245676,6.316066834061812e-4,9.225592880013025e-4,1.322871255800872,0.4036726627839824,1.4606547274421604,0.5466151912310893
may,88,5.058956298400591e-4,6.679791871747996e-4,7.207290988561332e-4,6.279605237655924e-4,1.3203893209869866,0.4009633755259961,0.8712850983292149,-0.19878322606918353
opens,679,0.01031248783904736,0.01357052453944593,0.012577885241328001,0.013559295753901496,1.3159312041137436,0.39608406804102175,1.07802667091832,0.10839287152790425
almost,119,8.56131065883177e-4,0.0011250175783996624,8.408506153321553e-4,0.0012326632503546814,1.3140716687334602,0.3940439615862053,1.4659717527443934,0.5518573049940994
bursts,80,8.56131065883177e-4,0.0011250175783996624,5.967326947518522e-4,6.744761181185992e-4,1.3140716687334602,0.3940439615862053,1.1302818230850853,0.17668253730805
thrusts,56,4.280655329415885e-4,5.625087891998312e-4,5.153600545584178e-4,3.333617595298824e-4,1.3140716687334602,0.3940439615862053,0.6468521504165099,-0.6284920986448683
exits,255,0.0019846674709110015,0.0026016031500492197,0.0025148020707399486,0.0034731643783578446,1.3108509048395056,0.3905036038809568,1.3810885630994847,0.4658058362126886
dumps,56,3.5023543604311786e-4,4.570383912248629e-4,6.161071328931461e-4,3.4886695764755135e-4,1.3049461710339225,0.38399029692228265,0.5662439842391124,-0.8205042768004576
ignores,97,9.72876211230883e-4,0.0012656447756996202,4.8823584116060634e-4,0.001224910651295847,1.3009309520461256,0.3795443918910903,2.508850330168427,1.3270264068314097
bolts,84,6.226407751877651e-4,8.086063844747574e-4,7.091044359713568e-4,7.597547077657785e-4,1.2986723913654898,0.37703753628051534,1.0714285078826775,0.09953558798538893
sniffs,67,6.226407751877651e-4,8.086063844747574e-4,7.129793235996156e-4,3.4886695764755135e-4,1.2986723913654898,0.37703753628051534,0.48930866029358083,-1.031183277573115
tears,147,8.950461143324124e-4,0.001160174377724652,0.0014259586471992312,0.0011318794625898333,1.2962174341039296,0.37430774352494334,0.7937673822540312,-0.3332118150227723
wraps,104,0.0011674514534770596,0.0015117423709745464,6.742304473170278e-4,0.00117839505694284,1.2949081235644306,0.3728497393170821,1.7477630410077738,0.8055095997490804
can,720,0.013737012102580068,0.017754183659119675,0.019110945782572306,0.016295963221670064,1.2924341571909301,0.3700907845914798,0.8527031266307454,-0.22988454828643767
misses,57,5.448106782892945e-4,7.031359864997891e-4,6.509811215474751e-4,3.4886695764755135e-4,1.2906061032203628,0.368048753053261,0.5359094850834457,-0.8999387442948622
tugs,65,2.7240533914464724e-4,3.5156799324989455e-4,4.804860659040888e-4,6.977339152951027e-4,1.2906061032203628,0.368048753053261,1.4521418305486915,0.5381823680970227
zips,43,2.7240533914464724e-4,3.5156799324989455e-4,3.603645494280666e-4,2.480831698827032e-4,1.2906061032203628,0.368048753053261,0.6884227937416019,-0.5386332289538083
keeps,322,0.0033856092150834727,0.004359443116298692,0.003944635605567438,0.004023598911535092,1.287639192638247,0.36472839476164975,1.020017896166684,0.028594464436408593
notices,432,0.00431957037786512,0.005554774293348334,0.006316066834061812,0.0070316073463628686,1.2859552704159651,0.36284046205049975,1.1132889393193608,0.1548280735643057
closes,411,0.005214616492197533,0.006679791871747996,0.004165504200378189,0.005442324539301801,1.28097471439036,0.35724199809667806,1.3065223986108785,0.38573185798196125
screams,252,0.0017900922286648248,0.0022851919561243145,0.0021273133079140706,0.0035894533642403617,1.2765777760114458,0.35228143719494437,1.6873176841825839,0.7547316264092608
nervously,42,1.945752422461766e-4,2.4609759527492617e-4,2.9061657211940854e-4,3.1010396235337895e-4,1.2647939811559556,0.3389024073937446,1.0670553302994827,0.09363498654570442
strains,41,1.945752422461766e-4,2.4609759527492617e-4,4.184878638519483e-4,1.47299382117855e-4,1.2647939811559556,0.3389024073937446,0.3519800568696211,-1.5064344065656599
tumbles,47,1.945752422461766e-4,2.4609759527492617e-4,3.6811432468458413e-4,3.566195567063858e-4,1.2647939811559556,0.3389024073937446,0.9687739182982148,-0.04576807011971172
sighs,175,0.0018679223255632952,0.0023555055547742933,0.0016119532533556526,0.001976912760002791,1.2610297133548962,0.33460226996011905,1.2264082447101932,0.2944393008719892
finds,462,0.0053313616375452386,0.0067149486710729855,0.006998047056635357,0.0057679336997728484,1.2595185109530112,0.3328723252987249,0.8242204793841521,-0.2788977842186036
attempts,59,7.004708720862357e-4,8.789199831247363e-4,5.30859605071453e-4,3.333617595298824e-4,1.2547559336864638,0.327406768555915,0.62796595624376506,-0.6712417461042055
catches,310,0.0031132038759388255,0.00386724792574884,0.003533897516972008,0.003256091604710479,1.2422083743495993,0.3129071988608001,0.9213882375118889,-0.11811891434439603
fights,100,6.226407751877651e-4,7.73449585149768e-4,9.764716823212127e-4,0.0010388482738838195,1.242208374349599,0.3129071988607998,1.0638795703878772,0.08933484911207895
reacts,68,3.113203875938826e-4,3.86724792574884e-4,5.889829194953346e-4,0.0010155904767073162,1.242208374349599,0.3129071988607998,1.7243122730579639,0.7860210702480881
thinks,281,0.0024905631007510606,0.003093798340599072,0.002507052295483431,0.0028374512555334177,1.242208374349599,0.3129071988607998,1.1317878213570636,0.17860351844575806
races,122,0.001362026695723236,0.0016875263675994938,0.0012399640410428099,0.0012481684484723504,1.2389818590915485,0.30915506399969267,1.0066166494817388,0.009514365381477848
runs,534,0.007277114060007005,0.0090001406271973,0.008272885086332496,0.008272023195776385,1.2367733352785508,0.306581120335866,0.9998958174147088,-1.5031152920444367e-4
brushes,84,7.39385920535471e-4,9.140767824497258e-4,7.052295483430981e-4,7.054865143539371e-4,1.2362647936110844,0.3059877849210095,1.0003643721557651,5.255821542230243e-4
sits,634,0.009456356773164183,0.011672057375896498,0.01052031991072259,0.011876981758134415,1.2343080592115732,0.3037025079646464,1.128956330123486,0.17498968138745621
pats,98,8.56131065883177e-4,0.0010547039797496837,6.781053349452866e-4,6.744761181185992e-4,1.231942189437619,0.30093455719472395,0.9946480043148751,-0.007742033829377387
sticks,101,5.448106782892945e-4,6.679791871747996e-4,8.873492668712607e-4,8.062703021187853e-4,1.2260757980593446,0.2940481716094841,0.9086279013467212,-0.13823848780162865
manages,118,0.0010117912596801183,0.0012304879763746308,0.0012942124678384326,0.0012016528541193435,1.2161480588038034,0.282318879027377,0.9284819023002612,-0.10705430504559144
rises,184,0.002957543682141884,0.0035859935311489243,0.0023326823522117858,0.0022482537270619974,1.2124904706570252,0.277973408751413,0.9638062057314681,-0.05318500459054444
smiles,666,0.01821224267424213,0.021972999578118407,0.011368920301311262,0.022606578855561325,1.206496090083138,0.27082324018954734,1.9884543348372266,0.9916474308077703
kneels,163,0.0014009417441724714,0.0016875263675994938,0.0015809541523295824,0.0019303971656497842,1.2045656963390055,0.26851307950234676,1.2210329836607134,0.28810217225080853
backs,188,0.0015566019379694128,0.001863310364224441,0.0014259586471992312,0.0025428524912977078,1.1970371607368864,0.2594679398993394,1.7832582286254948,0.8345156307152942
spins,216,0.001945752422461766,0.002320348755449304,0.002417929880033479,0.002566110288474211,1.1925200393756155,0.25401350980723175,1.0612839973831998,0.08581077009919272
straightens,69,6.226407751877651e-4,7.382927858247785e-4,5.851080318670758e-4,5.349293350595787e-4,1.1857443573337083,0.245793003002263,0.9142402871357325,-0.12935470039268668
peels,64,3.891504844923532e-4,4.570383912248629e-4,4.533618525062773e-4,5.504345331772477e-4,1.1744515539305302,0.23198720347723267,1.2141174431292194,0.2799079820755008
seems,341,0.003891504844923532,0.004570383912248629,0.0039678849313369915,0.004271682081417795,1.1744515539305302,0.23198720347723267,1.0765640020660674,0.10643409072538043
clears,81,9.339611627816476e-4,0.001089860779074673,9.803465699494715e-4,5.349293350595787e-4,1.1669230183284114,0.2227093898892218,0.5456532939031445,-0.8739435357619182
throws,393,0.004942211153052886,0.00576571508929827,0.005362844477510152,0.0040933723030646026,1.1666266192889578,0.22234289806942054,0.7632837984078671,-0.38970852612404805
finally,222,0.001206366501926295,0.0014062719729995782,0.0023675563408661147,0.0023800479110621837,1.1657087383925857,0.2212073647239898,1.0052761448504746,0.0075918577056732816
glances,395,0.006109662606529945,0.007101673463647869,0.005796831891875136,0.006690492987774152,1.1623675350022886,0.21706631408367055,1.1541637074470927,0.20684787144554148
marches,59,5.448106782892945e-4,6.328223878498101e-4,5.11485166930159e-4,3.1010396235337895e-4,1.1615454928983264,0.21604565960821087,0.6062814376701606,-0.7219404423168682
lets,330,0.0037358446511265905,0.004324286316973703,0.0036113952695371833,0.00398483591624092,1.157512348825763,0.2110275848415866,1.1034061958971317,0.1419639866938212
left,94,7.004708720862357e-4,8.086063844747574e-4,7.517281998822035e-4,6.977339152951027e-4,1.1543754589915467,0.2071125348382032,0.9281731288043182,-0.10753416370322982
rips,160,0.001712262131766354,0.0019687807621994093,0.001821197185281627,0.0011396320616486677,1.1498127101417777,0.20139888364380945,0.6257598413059468,-0.6763190195744122
trails,61,7.39385920535471e-4,8.437631837997469e-4,4.6111162776279487e-4,7.132391134127716e-4,1.1411675017948473,0.19051056750107362,1.5467818863584941,0.6292697749032925
waits,277,0.003268864069735767,0.003726620728448882,0.0027124213397811464,0.0027521726658862383,1.140035391177987,0.18907861200794146,1.0146552917579903,0.020989684713938566
starts,663,0.013970502393275479,0.015926030094220223,0.014081341641092409,0.015350146136492259,1.1399754744601032,0.18900278644668644,1.0901053697679775,0.12446759288707926
slips,258,0.0027629684398957077,0.003128955139924061,0.002720171115037664,0.0030467714301219482,1.1324614116989944,0.17946189168521842,1.1200660919008996,0.16358386410826897
leans,493,0.008055415028991712,0.009105611025172268,0.005982826498031557,0.007054865143539372,1.1303714324340666,0.1767969104107314,1.1791859827224693,0.2377912799722013
gently,125,9.339611627816476e-4,0.0010547039797496837,8.83474379243002e-4,0.0011318794625898333,1.1292803403178175,0.1754036751108652,1.2811684064451028,0.35746012686949863
gives,479,0.006615558236370004,0.007453241456897764,0.005486840881614433,0.00781461985130515,1.1266232101053049,0.17200509864900004,1.4242475806963437,0.5101999555711422
cuts,131,0.0012841965988247656,0.0014414287723245676,0.0013484608946340555,0.001193900255060509,1.1224362170431639,0.16663346548313282,0.8853799615631486,-0.17563137299960369
looks,905,0.07393859205354711,0.08275910561102517,0.07393673083480579,0.0788206746311701,1.1192951246771126,0.16259048204363677,1.0660557173845884,0.09228284250026628
goes,675,0.012258240261509125,0.013711151736745886,0.0152476828171983,0.014753196008962004,1.1185252894576478,0.16159787558583472,0.967569707858918,-0.04756249196660365
licks,64,8.172160174339417e-4,9.140767824497258e-4,4.06863200967172e-4,6.667235190597648e-4,1.1185252894576478,0.16159787558583472,1.6386921143884916,0.7125448191901985
picks,587,0.008872631046425652,0.009879060610322036,0.009156359465575498,0.009380644861189714,1.113430791681778,0.15501188627968734,1.0244950404642201,0.03491300034233338
hangs,397,0.005759427170486827,0.006398537477148081,0.004967605939427757,0.005783438897890518,1.1109676861505016,0.1518168547932493,1.1642306109644318,0.21937685579071978
eats,108,8.56131065883177e-4,9.492335817747153e-4,9.144734802690722e-4,5.969501275302545e-4,1.1087479704938572,0.14893146374967411,0.652780141152491,-0.6153309265127166
squeezes,96,8.56131065883177e-4,9.492335817747153e-4,8.253510648191202e-4,9.070540898836335e-4,1.1087479704938572,0.14893146374967411,1.098991845466897,0.13618068151178941
surveys,59,3.5023543604311786e-4,3.86724792574884e-4,6.083573576366286e-4,3.1010396235337895e-4,1.1041852216440884,0.1429821974184879,0.5097398074679058,-0.9721670718500416
scoops,56,5.448106782892945e-4,5.976655885248207e-4,3.991134257106544e-4,4.1088775011822716e-4,1.0970151877373084,0.1335834994162381,1.0295011985292342,0.041945509534204034
folds,85,7.39385920535471e-4,8.086063844747574e-4,5.424842679562292e-4,6.667235190597648e-4,1.0936188558867286,0.12911002283693024,1.2290190857913688,0.2975073199113547
casually,47,1.945752422461766e-4,2.1094079594993672e-4,4.223627514802071e-4,3.7212475482405476e-4,1.0841091267051048,0.11650998605729668,0.881054859880307,-0.18269624190154704
crumples,44,1.945752422461766e-4,2.1094079594993672e-4,5.463591555844881e-4,1.7055717929435844e-4,1.0841091267051048,0.11650998605729668,0.3121704423748487,-1.6795941516072732
flings,59,9.72876211230883e-4,0.0010547039797496837,3.836138751976193e-4,3.7212475482405476e-4,1.0841091267051048,0.11650998605729668,0.9700503002722571,-0.04386853720423034
quietly,56,3.891504844923532e-4,4.2188159189987344e-4,4.7273629064757125e-4,4.961663397654064e-4,1.0841091267051048,0.11650998605729668,1.0495626199667045,0.06978824459133692
eyes,131,0.0017900922286648248,0.00193362396287442,0.0013484608946340555,0.0014032204296490398,1.080181195086608,0.11127333769114951,1.040608915863181,0.057427973388700204
rounds,66,6.226407751877651e-4,6.679791871747996e-4,6.044824700083697e-4,4.496507454123995e-4,1.0728163233019266,0.10140309366708819,0.7438606869876203,-0.426895641580453
bends,173,0.0019068373740125306,0.002039094360849388,0.0019800675780402366,0.0017288295901200879,1.0693593426683006,0.09674673123586659,0.8731164578893764,-0.19575399886309325
walks,723,0.019418609176168423,0.02063704120376881,0.018370842245574878,0.019831148392498586,1.0627455868000943,0.08779626799629439,1.0794904298563373,0.11035045330946477
indicates,80,8.950461143324124e-4,9.492335817747153e-4,6.587308968039927e-4,8.295280992952887e-4,1.0605415369941242,0.08480112632995843,1.2592822096549046,0.3326016324176685
turns,868,0.03381717710238549,0.03582477851216425,0.03666031185095632,0.03992588515299754,1.059366321550155,0.0832015495749162,1.0890765281898722,0.1231053341841526
sinks,79,0.0011285364050278243,0.0011953311770496414,6.974797730865805e-4,6.512183209420959e-4,1.0591870778153323,0.08295742634627008,0.9336734140120475,-0.0990100913966913
sees,828,0.027318364011363193,0.02893404584446632,0.03097972658792895,0.025862670460271808,1.059142700947651,0.08289698034056776,0.8348256524106649,-0.2604531627688076
listens,217,0.002062497567809472,0.002179721558149346,0.002104063982144518,0.00199241795812046,1.0568359411276178,0.07975143604717871,0.9469379139743339,-0.0786582564562603
expected,50,2.334902906954119e-4,2.4609759527492617e-4,5.65733593725782e-4,3.566195567063858e-4,1.0539949842966296,0.07586800155995067,0.6303665906734959,-0.6657370206687813
slows,112,0.0014009417441724714,0.001476585571649557,0.0012787129173253975,0.0010853638682368264,1.0539949842966296,0.07586800155995067,0.8487940127382251,-0.23651361514662608
recognizes,74,5.058956298400591e-4,5.273519898748418e-4,7.168542112278744e-4,7.52002108706944e-4,1.0424126218318317,0.05992645769092938,1.049030747017397,0.06905696382503859
stands,625,0.010740553371988948,0.011144705386021657,0.01137667007656778,0.00975276961601377,1.0376286025528931,0.05329015358474092,0.857260476956371,-0.22219446380970048
might,173,0.001362026695723236,0.0014062719729995782,0.001677826343036052,0.0012481684484723504,1.0324848825762905,0.046120658165898915,0.7439199257139871,-0.42678075445788466
carefully,107,5.448106782892945e-4,5.625087891998312e-4,0.0013019622430949502,7.054865143539371e-4,1.0324848825762902,0.04612065816589861,0.5418640349177062,-0.8839972004258408
changes,77,5.448106782892945e-4,5.625087891998312e-4,6.393564586626987e-4,5.194241369419097e-4,1.0324848825762902,0.04612065816589861,0.8124171264780153,-0.2997074416338203
stops,682,0.014787718410709421,0.015187737308395444,0.013081620633001643,0.013032119017900752,1.0270507516153624,0.03850747405602345,0.9962159417025127,-0.005469597316794486
heads,371,0.004553060668560533,0.004675854310223597,0.004874608636349546,0.006023769468714387,1.0269694718787672,0.03839329614128762,1.23574422442771,0.305380163682644
stays,88,5.837257267385298e-4,5.976655885248207e-4,6.664806720605102e-4,7.209917124716061e-4,1.0238808418881544,0.03404782586532352,1.0817893791916995,0.11341963856015647
slams,257,0.0023738179554033544,0.002425819153424272,0.0027240460026659225,0.0024808316988270316,1.0219061440253037,0.03126269943878551,0.9107157868843382,-0.13492720203094977
stares,583,0.011207533953379771,0.011425959780621572,0.011039554852909266,0.011342052423074836,1.019489196120252,0.02784648669700728,1.027401247078894,0.038999729968858886
jumps,300,0.0036969296026773553,0.0037617775277738715,0.0038438885272327103,0.002907224647062928,1.0175410224337387,0.025086958293701837,0.7563238700774435,-0.40292394284940874
wanders,63,9.339611627816476e-4,9.492335817747153e-4,5.11485166930159e-4,5.039189388242408e-4,1.0163523062860358,0.02340058166581521,0.9852073362140111,-0.021500724175775872
shuffles,45,3.113203875938826e-4,3.1641119392490505e-4,3.7586409994110173e-4,2.0932017458853082e-4,1.0163523062860356,0.023400581665814893,0.5569038772825909,-0.844499757869436
told,49,3.113203875938826e-4,3.1641119392490505e-4,3.6423943705632536e-4,4.4189814635356504e-4,1.0163523062860356,0.023400581665814893,1.213207855593162,0.2788267446413274
touches,237,0.0025294781492002957,0.00256644635072423,0.00238305589137915,0.0031475552178867965,1.014614951916316,0.020932326075065327,1.3208062929926525,0.40141889911279705
shakes,434,0.005214616492197533,0.005273519898748418,0.004583992064230137,0.006659482591538813,1.0112958271502843,0.016205080261611226,1.452769223468812,0.5388055449528983
digs,102,6.615558236370004e-4,6.679791871747996e-4,8.331008400756378e-4,8.062703021187853e-4,1.0097094807547544,0.013940252416748802,0.9677943693413914,-0.04722754929414506
always,58,3.5023543604311786e-4,3.5156799324989455e-4,4.184878638519483e-4,5.039189388242408e-4,1.003804746949171,0.005478673668552761,1.2041422998171247,0.268005893019209
begins,399,0.005759427170486827,0.00576571508929827,0.00587820453206857,0.006155563652714573,1.001091761146606,0.0015742192126368966,1.0471843262909395,0.06651540905014751
places,223,0.0025294781492002957,0.0025312895513992404,0.002491552744970396,0.0021164595430618115,1.0007161169585581,0.001032768637360406,0.8494540391866995,-0.2353922042538718
leads,191,0.0018290072771140601,0.0018281535648994515,0.0016003285904708764,0.002038933552473467,0.9995332373876852,-6.735533130425592e-4,1.2740718153848245,0.34944660002708017
finishes,195,0.001478771841070942,0.001476585571649557,0.0015654546018165473,0.002240501128003163,0.9985215640704912,-0.00213451044132251,1.4312143740248324,0.5172397819031073
hops,73,7.783009689847064e-4,7.73449585149768e-4,7.207290988561332e-4,7.597547077657785e-4,0.9937666994796794,-0.009020896026562244,1.0541474029168278,0.07607661516139996
gets,727,0.01280305093979842,0.012550977359021234,0.016324901577854243,0.014667917419314825,0.980311444360999,-0.028687929482638964,0.8984995927456481,-0.1544102450686361
wears,280,0.0032299490212865313,0.0031641119392490508,0.0033672773489568804,0.0033336175952988238,0.9796166807576249,-0.02971075479374718,0.9900038665753257,-0.014493935070716847
spots,309,0.003268864069735767,0.0031992687385740404,0.004045382683902167,0.0030545240291807827,0.9787096282754418,-0.031047202356561228,0.7550642962248496,-0.4053285949592851
thought,60,4.669805813908238e-4,4.570383912248629e-4,5.11485166930159e-4,3.333617595298824e-4,0.9787096282754418,-0.031047202356561228,0.6517525454954228,-0.6176037825021322
pretends,50,5.058956298400591e-4,4.921951905498523e-4,3.332403360302551e-4,4.496507454123995e-4,0.9729184470430428,-0.03960921585998528,1.3493286880240554,0.4322418225796973
knows,441,0.005720512122037592,0.005554774293348334,0.005699959701168666,0.005985006473420214,0.9710274490896063,-0.04241601643575881,1.0500085592172002,0.07040108816747341
leaps,180,0.0028407985367941784,0.002742230347349177,0.001972317802783719,0.0017365821891789223,0.9653026470661891,-0.0509467597942663,0.8804778756891608,-0.18364134186386794
rests,63,5.837257267385298e-4,5.625087891998312e-4,4.339874143649834e-4,6.512183209420959e-4,0.9636525570712041,-0.05341501538501596,1.500546558233648,0.5854880828753795
comes,418,0.0050589562984005914,0.004851638306848544,0.005358969589881893,0.005620634317654994,0.959019612085285,-0.060367776026782734,1.0488274328458855,0.06877732590602594
makes,492,0.006343152897225357,0.006082126283223175,0.00590920363309464,0.005783438897890518,0.9588490742330426,-0.06062434637085018,0.978717143118952,-0.031036124928149986
appears,98,6.615558236370004e-4,6.328223878498101e-4,8.059766266778263e-4,9.14806688942468e-4,0.9565668765045042,-0.06406225958452427,1.1350288068690413,0.18272891337497224
arrives,94,7.004708720862357e-4,6.679791871747996e-4,8.602250534734492e-4,0.0011163742644721643,0.9536145096017126,-0.06852190777522406,1.2977699963101819,0.3760347172464295
will,152,0.0015566019379694128,0.001476585571649557,0.001499581512136148,0.0014419834249432121,0.9485954858669666,-0.07613509188509938,0.9615905592815107,-0.05650536288215581
slowly,261,0.003268864069735767,0.003093798340599072,0.0028712917325397565,0.0037677631425935545,0.9464444756949327,-0.0794102239179603,1.3122188525444045,0.3920083534541702
steps,468,0.006771218430166945,0.006398537477148081,0.007455283796769894,0.0067990293745978335,0.944961020403875,-0.0816732754265291,0.9119745887532287,-0.13293446917108592
now,106,8.56131065883177e-4,8.086063844747574e-4,0.0011353420750798227,8.605384955306266e-4,0.9444890119021745,-0.08239408235678182,0.7579552580838903,-0.39981540591791886
faces,62,9.339611627816476e-4,8.789199831247363e-4,6.471062339192163e-4,3.4886695764755135e-4,0.9410669502648479,-0.08763073072292875,0.5391185239162807,-0.8913256139901543
releases,80,0.0010117912596801183,9.492335817747153e-4,6.509811215474751e-4,5.581871322360821e-4,0.9381713596486484,-0.09207663575412081,0.8574551761335131,-0.22186683918222472
calls,143,0.0010507063081293536,9.843903810997047e-4,0.0010307201091168355,0.0013024366418841918,0.936884430485893,-0.09405699988236173,1.2636181543020195,0.3375605694317942
drops,418,0.00424174028096665,0.003972718323723808,0.005928578071235934,0.004318197675770802,0.9365774565571623,-0.09452978213823603,0.7283698761970735,-0.45725683808575923
types,81,0.0014009417441724714,0.0013008015750246098,7.982268514213088e-4,6.977339152951027e-4,0.9285193909279833,-0.10699605558985975,0.8741047912040667,-0.1941218486993205
shoots,146,0.0014398567926217068,0.0013359583743495992,0.0016313276914969466,0.0011706424578840056,0.927841144477342,-0.1080502719618614,0.71760104605948,-0.47874610158709396
nods,485,0.008444565513484064,0.007769652650822669,0.006746179360798537,0.011535867399545697,0.920077254231291,-0.12017309282954478,1.7099852794575285,0.7739839056111534
reaches,665,0.016188660154881893,0.014871326114470538,0.015084937536811432,0.01408647248990224,0.9186261229893015,-0.12245028479763977,0.9338104619609686,-0.09879834295894438
enters,302,0.0027629684398957077,0.0025312895513992404,0.0029255401593353794,0.002891719448945259,0.9161485577789616,-0.12634653783886715,0.9884394988452991,-0.01677543180298033
grabs,638,0.013308946569638479,0.01212909576712136,0.013073870857745126,0.011698671979781222,0.9113490465722737,-0.13392438299686382,0.894813181732691,-0.16034158560665934
flips,238,0.002218157761606413,0.002003937561524399,0.002735670665550699,0.0020234283543557976,0.9034242722542541,-0.14652441977649697,0.7396461788460473,-0.4350927945470727
focuses,46,3.891504844923532e-4,3.5156799324989455e-4,4.146129762236895e-4,4.4189814635356504e-4,0.903424272254254,-0.14652441977649716,1.0658087703341796,0.09194860991781773
follows,251,0.003191033972837296,0.002882857544649135,0.0025303016212529835,0.00235679011388568,0.903424272254254,-0.14652441977649716,0.9314265517162408,-0.10248608594862217
lowers,174,0.0012841965988247656,0.001160174377724652,0.0015267057255339595,0.0014574886230608812,0.903424272254254,-0.14652441977649716,0.9546624465242836,-0.06693738562451573
presses,248,0.0022959878585048837,0.0020742511601743777,0.0027550451036919927,0.002535099892238873,0.903424272254254,-0.14652441977649716,0.9201663845145858,-0.12003334196710953
returns,179,0.0019068373740125306,0.0017226831669244832,0.0015344555007904771,0.002015675755296963,0.903424272254254,-0.14652441977649716,1.3136097816186816,0.393536775103068
shouts,81,4.669805813908238e-4,4.2188159189987344e-4,9.764716823212127e-4,6.977339152951027e-4,0.903424272254254,-0.14652441977649716,0.7145459801112609,-0.4849012450160185
asks,46,2.7240533914464724e-4,2.4609759527492617e-4,4.184878638519483e-4,2.2482537270619975e-4,0.9034242722542539,-0.14652441977649733,0.537232718379948,-0.8963809248816732
counts,62,5.448106782892945e-4,4.921951905498523e-4,4.41737189621501e-4,2.8684616517687554e-4,0.9034242722542539,-0.14652441977649733,0.6493593292940931,-0.6229110663815689
cracks,67,5.448106782892945e-4,4.921951905498523e-4,5.696084813540407e-4,7.67507306824613e-4,0.9034242722542539,-0.14652441977649733,1.3474295624955206,0.4302098573974685
embraces,45,4.280655329415885e-4,3.86724792574884e-4,2.0924393192597415e-4,5.581871322360821e-4,0.9034242722542539,-0.14652441977649733,2.6676383257487073,1.415563081433067
helps,108,8.172160174339417e-4,7.382927858247785e-4,8.176012895626027e-4,9.14806688942468e-4,0.9034242722542539,-0.14652441977649733,1.1188909565344103,0.16206944280887917
prepares,51,4.280655329415885e-4,3.86724792574884e-4,5.696084813540407e-4,2.9459876423571e-4,0.9034242722542539,-0.14652441977649733,0.5171951856043412,-0.9512192492385558
rides,66,5.448106782892945e-4,4.921951905498523e-4,7.401035369974271e-4,5.039189388242408e-4,0.9034242722542539,-0.14652441977649733,0.6808762742421438,-0.5545354328530712
storms,90,5.448106782892945e-4,4.921951905498523e-4,5.463591555844881e-4,8.062703021187853e-4,0.9034242722542539,-0.14652441977649733,1.4757148184992848,0.5614139478965217
moves,578,0.011012958711133594,0.009914217409647026,0.012101274063052172,0.013729852933195855,0.9002319603381613,-0.1516313102095858,1.1345791246159849,0.18215722488556427
quickly,281,0.003424524263532708,0.0030586415412740824,0.0032626553829938933,0.0033103597981223205,0.8931580873422738,-0.1630125425650663,1.014621346580788,0.020941418708317554
reads,239,0.0025294781492002957,0.002250035156799325,0.0021815617347096935,0.00199241795812046,0.8895254372964961,-0.1688922328049519,0.9132989117017111,-0.1308409807321283
watches,544,0.008327820368136358,0.007347771058922796,0.007459158684398152,0.008047197823070184,0.8823162285099958,-0.18063227409676127,1.0788345125170746,0.10947358004247797
blinks,88,0.001362026695723236,0.0011953311770496414,8.640999411017081e-4,8.217755002364543e-4,0.8776121501898468,-0.1883445954711241,0.9510190443812656,-0.07245386320288236
puts,641,0.012764135891349185,0.011179862185346646,0.011496791593043803,0.012140570126134786,0.8758808493196731,-0.19119346911022544,1.055996364540565,0.07860486796499669
crosses,240,0.0023738179554033544,0.0020742511601743777,0.002824793081000651,0.0032095760103574723,0.8738038043114916,-0.19461870797754213,1.136216323930005,0.1842375353266113
slides,257,0.0023738179554033544,0.0020742511601743777,0.0028015437552310982,0.00235679011388568,0.8738038043114916,-0.19461870797754213,0.8412469409000073,-0.2493987413533091
plays,123,0.0010117912596801183,8.789199831247363e-4,0.0011740909513624105,5.426819341184132e-4,0.8686771848598596,-0.20310794814286476,0.4622145613921027,-1.1133653843737614
blows,110,8.172160174339417e-4,7.031359864997891e-4,0.001007470783347283,0.001193900255060509,0.8604040688135752,-0.21691374766789517,1.1850470254768295,0.24494430982066992
just,436,0.005448106782892944,0.004640697510898608,0.005634086611488267,0.005992759072479048,0.8518000281254395,-0.23141331736301016,1.0636611549881794,0.089038632159476
takes,835,0.028952796046231077,0.024609759527492617,0.025814501379459995,0.026738714153920103,0.8499959550779271,-0.23447211905219983,1.035802077323697,0.05074835694072561
drives,197,0.001945752422461766,0.0016523695682745044,0.002177686847081435,0.001488499019296219,0.8492188159189988,-0.2357917578735844,0.6835229873804516,-0.5489382373455469
crouches,68,6.226407751877651e-4,5.273519898748418e-4,6.432313462909576e-4,4.4189814635356504e-4,0.846960255238363,-0.23963382416797882,0.6869972194322725,-0.5416238350279599
holds,674,0.011674514534770596,0.009879060610322036,0.013046746644347315,0.012504942281900007,0.8462074016781512,-0.24091679005145203,0.9584720714506975,-0.061191700517780334
flies,76,0.0011674514534770596,9.843903810997047e-4,8.176012895626027e-4,5.8919752847142e-4,0.8431959874373036,-0.24606009332741183,0.7206416330221626,-0.4726460931093766
nears,57,5.448106782892945e-4,4.570383912248629e-4,6.277317957779225e-4,3.7212475482405476e-4,0.8388939670932358,-0.2534396236930092,0.592808516833046,-0.7543619200092454
sucks,50,5.058956298400591e-4,4.2188159189987344e-4,4.959856164171239e-4,5.194241369419097e-4,0.8339300974654652,-0.2620016371964332,1.0472564521005665,0.0666147726119953
waves,240,0.002451648052301825,0.002039094360849388,0.0023326823522117858,0.002310274519532673,0.831723933186456,-0.2658233481488417,0.9903939631309568,-0.013925574143317436
drifts,49,4.669805813908238e-4,3.86724792574884e-4,3.448649989150315e-4,3.4886695764755135e-4,0.8281389162330662,-0.27205530186035604,1.0116044212811108,0.016645247517500027
whirls,46,4.669805813908238e-4,3.86724792574884e-4,4.223627514802071e-4,4.961663397654064e-4,0.8281389162330662,-0.27205530186035604,1.1747398131737428,0.23234125737729694
dials,128,0.001206366501926295,9.843903810997047e-4,0.0013678353327753496,8.062703021187853e-4,0.81599611687481,-0.29336580810576846,0.5894498283524056,-0.762559072975865
continues,350,0.0033856092150834727,0.002742230347349177,0.003983384481850026,0.004341455472947306,0.809966588917607,-0.3040656967629773,1.089891144761145,0.12418404990531155
paces,74,7.39385920535471e-4,5.976655885248207e-4,8.214761771908615e-4,4.6515594353006845e-4,0.8083269804380168,-0.3069890919697432,0.5662439842391124,-0.8205042768004576
sets,217,0.0025294781492002957,0.002039094360849388,0.0022125608357357637,0.002310274519532673,0.8061324275499496,-0.31091123767737977,1.0441631625303607,0.06234716725354165
whispers,128,0.0017511771802155894,0.0014062719729995782,0.0013135869059797266,0.0012946840428253571,0.8030437975593369,-0.31644942121880965,0.9856097353983054,-0.020911588508068686
cocks,59,6.226407751877651e-4,4.921951905498523e-4,5.386093803279705e-4,4.4189814635356504e-4,0.7904962382224722,-0.33916949771889326,0.8204427224874621,-0.2855254764045427
yanks,139,0.0017900922286648248,0.0014062719729995782,0.001309712018351468,0.0013101892409430262,0.7855863236993513,-0.3481582809461477,1.0003643721557651,5.255821542230243e-4
pulls,742,0.021169786356384012,0.01659400928139502,0.019843299544313214,0.018319391576025863,0.783853412691191,-0.35134421166499524,0.9232028945143813,-0.1152803476208242
addresses,50,5.837257267385298e-4,4.570383912248629e-4,4.6111162776279487e-4,4.263929482358961e-4,0.7829677026203534,-0.3529752972439237,0.9247065624969258,-0.11293246762906073
studies,161,0.0020235825193602366,0.0015820559696245254,0.001553829938931771,0.0015427672127080604,0.7818094663738736,-0.35511104158791473,0.9928803494214329,-0.010308223757048193
punches,121,0.0011285364050278243,8.789199831247363e-4,0.001445333085340525,7.364969105892751e-4,0.7788140278053913,-0.3606492251293447,0.5095689831356446,-0.9726506297700664
exhales,59,2.7240533914464724e-4,2.1094079594993672e-4,4.6498651539105364e-4,4.1864034917706163e-4,0.7743636619322177,-0.3689168411129451,0.9003279349401888,-0.15147751129082665
grimaces,45,5.448106782892945e-4,4.2188159189987344e-4,3.7586409994110173e-4,2.9459876423571e-4,0.7743636619322177,-0.3689168411129451,0.7837906421014242,-0.3514597465893191
say,81,5.448106782892945e-4,4.2188159189987344e-4,6.54856009175734e-4,4.1864034917706163e-4,0.7743636619322177,-0.3689168411129451,0.6392861076498381,-0.6454663519644928
falls,367,0.0053313616375452386,0.004113345521023766,0.005831705880529465,0.004170898293652947,0.7715375171806402,-0.3741917831536195,0.7152106740462479,-0.4835598269362174
carries,180,0.0015566019379694128,0.0011953311770496414,0.0016545770172664992,0.001535014613649226,0.7679106314161159,-0.3809896734135201,0.9277383872919979,-0.10821005738665737
answers,157,0.001478771841070942,0.0011250175783996624,0.0012244644905297745,0.0016590561985905775,0.7607783345298981,-0.39445193322008276,1.3549238964641377,0.43821182037826717
trips,62,7.39385920535471e-4,5.625087891998312e-4,5.231098298149354e-4,4.57403344471234e-4,0.7607783345298981,-0.39445193322008276,0.8743925623287429,-0.1936469655347666
empties,42,4.669805813908238e-4,3.5156799324989455e-4,3.332403360302551e-4,2.7909356611804107e-4,0.7528535602118784,-0.40955882561029083,0.8375143580838965,-0.2558141711055623
slaps,147,0.0018679223255632952,0.0014062719729995782,0.0012438389286710686,0.0015582724108257294,0.7528535602118784,-0.40955882561029083,1.25279276512965,0.3251477862108487
wipes,231,0.0018679223255632952,0.0014062719729995782,0.0019374438141293903,0.0022792641232973355,0.7528535602118784,-0.40955882561029083,1.1764285016551799,0.23441364232850048
checks,344,0.004047165038720473,0.0030234847419490928,0.004715738243590936,0.00287621425082759,0.7470623789794792,-0.4206993832154915,0.6099181299421346,-0.713312493938702
swings,184,0.0017900922286648248,0.0013359583743495992,0.0028209181933723923,0.0012636736465900193,0.7463070075143837,-0.4221588623899246,0.44796536445436735,-1.1585409038133956
still,178,0.002179242713157178,0.0016172127689495148,0.001503456399764407,0.0014962516183550535,0.7420985093517086,-0.4303173857770885,0.9952078547735189,-0.006930222764824227
lands,144,0.001712262131766354,0.0012656447756996202,0.001925819151244614,0.00117839505694284,0.7391653136625713,-0.4360310369714824,0.6118928956445727,-0.7086489459644775
resumes,42,4.280655329415885e-4,3.1641119392490505e-4,3.371152236585139e-4,3.643721557652203e-4,0.7391653136625713,-0.4360310369714824,1.080853459570597,0.11217093798313232
stretches,51,4.280655329415885e-4,3.1641119392490505e-4,3.6423943705632536e-4,6.279605237655924e-4,0.7391653136625713,-0.4360310369714824,1.7240322158429147,0.7857867333612106
suddenly,203,0.0031521189243880606,0.002320348755449304,0.00235205679035308,0.0020854491468264734,0.7361234810960589,-0.4419803033026684,0.8866491469848462,-0.17356476154483488
know,52,6.226407751877651e-4,4.570383912248629e-4,5.11485166930159e-4,2.5583576894153766e-4,0.7340322212065813,-0.4460847016354052,0.5001821860778826,-0.999474417845777
rolls,242,0.0024905631007510606,0.0018281535648994515,0.0019994420161815307,0.0022792641232973355,0.7340322212065813,-0.4460847016354052,1.1399500985030813,0.1889706715673334
offers,146,0.001712262131766354,0.0012304879763746308,0.0013135869059797266,0.0011861476560016747,0.7186329438386111,-0.4766730214688281,0.9029837695565315,-0.1472280382894689
flicks,86,9.339611627816476e-4,6.679791871747996e-4,7.672277503952386e-4,5.116715378830753e-4,0.7152108822012845,-0.48355940705406775,0.6669095814371768,-0.584436918566933
fires,178,0.0016344320348678834,0.001160174377724652,0.002433429430546514,0.0015970354061199017,0.7098333567711996,-0.49444772319680397,0.6562900021149287,-0.6075946395541856
lies,182,0.0017900922286648248,0.0012656447756996202,0.0017591989832294863,0.001519509415531557,0.7070276913294161,-0.5001613743911978,0.8637507354296475,-0.21131306102148356
rushes,188,0.0035801844573296496,0.0025312895513992404,0.0017940729718838155,0.0020001705571792944,0.7070276913294161,-0.5001613743911978,1.1148769244759715,0.1568844543172408
laughs,333,0.006926878623963887,0.004886795106173534,0.00314640875414613,0.005868717487537697,0.705482999119895,-0.5033167780193876,1.8652114032559464,0.8993391549547785
works,150,0.001595516986418648,0.0011250175783996624,0.0013484608946340555,0.0013334470381195296,0.7051116271252713,-0.5040764243945811,0.9888659310965037,-0.01615315899240703
went,45,3.5023543604311786e-4,2.4609759527492617e-4,5.347344926997117e-4,2.0156757552969632e-4,0.7026633228644198,-0.5090944991612054,0.3769488938557956,-1.4075591564828536
strokes,69,8.56131065883177e-4,5.976655885248207e-4,4.804860659040888e-4,7.209917124716061e-4,0.6981005740146508,-0.5184931971634552,1.5005465582336477,0.5854880828753792
grips,75,7.783009689847064e-4,5.273519898748418e-4,7.284788741126507e-4,4.0313515105939264e-4,0.6775682041906905,-0.5615619190553409,0.5533930569372318,-0.853623551382322
scrambles,87,6.226407751877651e-4,4.2188159189987344e-4,8.679748287299668e-4,7.054865143539371e-4,0.6775682041906904,-0.5615619190553413,0.8127960523765593,-0.2990346997046846
speaks,326,0.0037358446511265905,0.0024961327520742513,0.004386372795188939,0.0032948546000046517,0.6681575346880421,-0.5817398009929712,0.7511569932265022,-0.41281362965259494
senses,81,8.950461143324124e-4,5.976655885248207e-4,6.742304473170278e-4,7.209917124716061e-4,0.6677483751444486,-0.5826235345831706,1.0693550185113352,0.09674089741352618
remains,85,7.39385920535471e-4,4.921951905498523e-4,6.199820205214049e-4,7.597547077657785e-4,0.6656810427136608,-0.5870970111624787,1.2254463558908122,0.29330733138206877
hands,533,0.009495271821613417,0.006293067079173112,0.007280913853498249,0.00810921861554086,0.6627579702193093,-0.59344598007512706,1.1137638459552213,0.15544336698110897
dives,104,5.837257267385298e-4,3.86724792574884e-4,0.001057844322514647,6.04702726589089e-4,0.6625111329864529,-0.5939833967477185,0.5716367840890088,-0.8068293399033808
shifts,74,0.0011674514534770596,7.73449585149768e-4,5.037353916736415e-4,5.116715378830753e-4,0.6625111329864529,-0.5939833967477185,1.0157545932658538,0.02255188848422196
pauses,268,0.003541269408880414,0.002320348755449304,0.003394401562354692,0.0032095760103574723,0.6552307908657228,-0.6099249406167399,0.9455498860102438,-0.08077451994762505
drags,122,0.0012452815503755303,8.086063844747574e-4,0.0010694689853994234,7.054865143539371e-4,0.6493361956827449,-0.6229624637194846,0.6596605642476423,-0.6002042344252496
peeks,66,8.172160174339417e-4,5.273519898748418e-4,6.471062339192163e-4,6.512183209420959e-4,0.6453030516101814,-0.631951246946739,1.0063545779770573,0.009138712458931325
shrugs,192,0.003035373779040355,0.00193362396287442,0.0017243249945751574,0.0024110583072975214,0.6370299355638971,-0.6505669251140859,1.398262111193002,0.4836348264310655
responds,44,3.891504844923532e-4,2.4609759527492617e-4,3.216156731454788e-4,6.667235190597648e-4,0.6323969905779778,-0.6610975926062554,2.073044241093875,1.0517509055093963
drinks,101,0.0011674514534770596,7.382927858247785e-4,0.0010113456709755417,5.736923303537511e-4,0.6323969905779777,-0.6610975926062557,0.5672564255902424,-0.8179270487867115
glares,98,0.0012841965988247656,8.086063844747574e-4,6.858551102018041e-4,0.001062106071060323,0.6296593412681163,-0.6673565830779381,1.5485866552015801,0.6309521150317525
tosses,265,0.00241273300385259,0.0015117423709745464,0.0029022908335658267,0.0023025219204738387,0.6265684468860148,-0.6744559754612748,0.7933463779179232,-0.3339772055037623
lights,157,0.0016344320348678834,0.001019547180424694,0.001379459995660126,0.0013179418400018606,0.623792949889842,-0.6808608474276855,0.9554041756543824,-0.065816912674473
said,172,0.0011285364050278243,7.031359864997891e-4,0.0013678353327753496,0.001341199637178364,0.6230512222443131,-0.682577320016707,0.9805271183169824,-0.028370563480232466
signs,49,6.226407751877651e-4,3.86724792574884e-4,4.146129762236895e-4,1.783097783531929e-4,0.6211041871747995,-0.6870928011392001,0.4300631880295813,-1.217379448189911
loses,105,8.56131065883177e-4,5.273519898748418e-4,0.0010888434235407174,5.736923303537511e-4,0.6159710947188095,-0.699065442805276,0.5268823027724314,-0.9244473724377534
unlocks,74,8.56131065883177e-4,5.273519898748418e-4,5.502340432127468e-4,5.736923303537511e-4,0.6159710947188095,-0.699065442805276,1.0426332892891075,0.060231828278490974
likes,129,0.0013231116472740008,8.086063844747574e-4,9.609721318081776e-4,0.0011473846607075022,0.6111399488778777,-0.7104253049698237,1.1939832828955907,0.25578263739629775
wants,335,0.0048643810561544145,0.002953171143299114,0.0038245140890914163,0.0037057423501228788,0.6071011109548587,-0.7199912816598238,0.9689446198388162,-0.0455138843214259
even,48,3.5023543604311786e-4,2.1094079594993672e-4,4.0298831333891315e-4,3.643721557652203e-4,0.6022828481695027,-0.7314869204976533,0.9041754902177109,-0.14532528430923153
made,81,7.004708720862357e-4,4.2188159189987344e-4,6.471062339192163e-4,3.9538255200055817e-4,0.6022828481695027,-0.7314869204976533,0.6110009937717847,-0.7107533683483335
collapses,110,0.0012841965988247656,7.73449585149768e-4,0.0011740909513624105,6.744761181185992e-4,0.6022828481695026,-0.7314869204976535,0.5744666691587562,-0.7997049054699996
shuts,175,0.0023349029069541193,0.0014062719729995782,0.0015809541523295824,0.001519509415531557,0.6022828481695026,-0.7314869204976535,0.9611343967771078,-0.0571899157020642
strides,97,0.001595516986418648,9.492335817747153e-4,9.377228060386248e-4,7.054865143539371e-4,0.5949379353869477,-0.7491889222311124,0.7523401476543358,-0.4105430149216752
lifts,332,0.005020041249951356,0.002953171143299114,0.0042236275148020705,0.002612625882827218,0.5882762703050957,-0.765434252420991,0.618573932874299,-0.6929820563282069
kisses,380,0.008055415028991712,0.0047110111095485865,0.003921386279797886,0.006674987789656482,0.584825374309517,-0.7739221868180503,1.7022010364152447,0.7674014348567569
smacks,53,6.615558236370004e-4,3.86724792574884e-4,6.936048854583217e-4,2.7909356611804107e-4,0.5845686467527527,-0.7745556423895392,0.4023811999732687,-1.3133651936677209
approaches,330,0.003930419893372767,0.0022851919561243145,0.003944635605567438,0.002496336896944701,0.5814116603616486,-0.7823680894998375,0.6328434731515844,-0.6600793858068549
examines,99,9.72876211230883e-4,5.625087891998312e-4,0.0010965931987972348,6.589709200009303e-4,0.5781915342427225,-0.790380609551222,0.6009255945812018,-0.7347417245399573
sings,86,0.001595516986418648,9.140767824497258e-4,6.316066834061812e-4,7.209917124716061e-4,0.572903197039283,-0.8036367062534887,1.1415200811102597,0.190956239031177
decides,74,6.226407751877651e-4,3.5156799324989455e-4,5.734833689822995e-4,5.271767360007443e-4,0.5646401701589088,-0.8245963248891348,0.9192537473863789,-0.12146494222438715
extends,75,6.226407751877651e-4,3.5156799324989455e-4,7.362286493691683e-4,5.969501275302545e-4,0.5646401701589088,-0.8245963248891348,0.8108216490104624,-0.30254348548182325
locks,104,9.339611627816476e-4,5.273519898748418e-4,7.24603986484392e-4,7.364969105892751e-4,0.5646401701589088,-0.8245963248891348,1.0164129984470343,0.023486730597534443
switches,89,9.339611627816476e-4,5.273519898748418e-4,7.672277503952386e-4,7.907651040011163e-4,0.5646401701589088,-0.8245963248891348,1.0306784440392731,0.04359430404610893
gestures,193,0.0029964587305911197,0.0016875263675994938,0.0024101801047769615,0.001682313995767081,0.5631735723143401,-0.8283484597502426,0.6980034365202606,-0.5186939555319
removes,207,0.0017511771802155894,9.843903810997047e-4,0.0021273133079140706,0.0016202932032964052,0.5621306582915357,-0.831022594048568,0.7616617624063932,-0.39277762477009276
points,418,0.006537728139471534,0.0036211503304739135,0.006478812114448681,0.004636054237183016,0.553885119298739,-0.8523413153720394,0.715571644197545,-0.4828318757285544
motions,140,0.001478771841070942,8.086063844747574e-4,0.001658451904894758,8.450332974129577e-4,0.5468094279433643,-0.8708899771630697,0.5095313858176561,-0.9727570794699975
cries,98,0.0011674514534770596,6.328223878498101e-4,7.013546607148392e-4,0.0011861476560016747,0.5420545633525523,-0.8834900139427037,1.6912237451915149,0.7580675377636698
really,105,0.0011674514534770596,6.328223878498101e-4,8.602250534734492e-4,8.760436936482956e-4,0.5420545633525523,-0.8834900139427037,1.0183889554378511,0.026288678219304976
says,323,0.004514145620111297,0.002390662354099283,0.004754487119873523,0.004457744458829823,0.5295935389076661,-0.9170425736537299,0.9375868198688917,-0.09297580567694413
gave,52,4.669805813908238e-4,2.4609759527492617e-4,3.564896617998078e-4,4.3414554729473057e-4,0.5269974921483148,-0.9241319984400493,1.2178348878418013,0.28431854815481455
whips,102,0.0015566019379694128,8.086063844747574e-4,0.0011082178616820112,0.0010388482738838195,0.5194689565461961,-0.9448905586068467,0.9374043767054023,-0.09325656416639388
joins,71,5.448106782892945e-4,2.812543945999156e-4,7.168542112278744e-4,5.504345331772477e-4,0.5162424412881451,-0.9538793418341014,0.7678472478168576,-0.38110875885740686
taps,153,0.0016344320348678834,8.437631837997469e-4,0.0016003285904708764,7.52002108706944e-4,0.5162424412881451,-0.9538793418341014,0.46990481403926987,-1.0895595470780945
wanted,71,5.448106782892945e-4,2.812543945999156e-4,5.463591555844881e-4,4.57403344471234e-4,0.5162424412881451,-0.9538793418341014,0.8371843681870943,-0.2563827208827291
tells,47,8.950461143324124e-4,4.570383912248629e-4,2.944914597476673e-4,2.3257797176503422e-4,0.5106311104045783,-0.969646657692418,0.7897613464387621,-0.34051133568084374
hits,333,0.004747635910806709,0.002390662354099283,0.004727362906475712,0.0036514741567110374,0.5035479550269613,-0.989798916089044,0.7724124906317467,-0.37255660068324215
smells,44,7.004708720862357e-4,3.5156799324989455e-4,3.4873988654329026e-4,2.1707277364736528e-4,0.5019023734745856,-0.9945213263314472,0.6224489426746983,-0.6839725921178476
chews,41,4.280655329415885e-4,2.1094079594993672e-4,4.2623763910846585e-4,1.783097783531929e-4,0.49277687577504764,-1.0209935376926382,0.4183341919924109,-1.2572721753134237
charges,59,5.058956298400591e-4,2.4609759527492617e-4,6.936048854583217e-4,3.643721557652203e-4,0.4864592235215214,-1.0396092158599852,0.5253310110762119,-0.9287013434323957
hauls,42,5.058956298400591e-4,2.4609759527492617e-4,4.146129762236895e-4,2.0156757552969632e-4,0.4864592235215214,-1.0396092158599852,0.4861583864682223,-1.0405016861058318
uses,140,0.001595516986418648,7.73449585149768e-4,0.001712700331690381,9.458170851778058e-4,0.4847642436486241,-1.0446448057572837,0.5522373457149473,-0.8566396396743221
winks,73,8.950461143324124e-4,4.2188159189987344e-4,6.54856009175734e-4,3.7987735388288923e-4,0.47135179421961076,-1.085123875112354,0.5800929495341123,-0.7856440100127532
talks,210,0.003969334941822003,0.0018281535648994515,0.002317182801698751,0.0014652412221197156,0.460569236835502,-1.1185100436069009,0.6323373456101659,-0.6612336678228095
slumps,64,7.783009689847064e-4,3.5156799324989455e-4,5.773582566105583e-4,3.333617595298824e-4,0.451712136127127,-1.1465244197764972,0.577391516814737,-0.7923781836058404
rubs,120,0.001089621356578589,4.921951905498523e-4,9.415976936668837e-4,0.0011008690663544954,0.45171213612712696,-1.1465244197764974,1.16915013042073,0.22546019805312453
took,77,5.448106782892945e-4,2.4609759527492617e-4,7.672277503952386e-4,3.1785656141221347e-4,0.45171213612712696,-1.1465244197764974,0.4142923157412765,-1.2712790333073027
shoves,157,0.0025683931976495313,0.0011250175783996624,0.001890945162590285,9.458170851778058e-4,0.43802388957782007,-1.1909185391349508,0.5001821860778826,-0.999474417845777
staggers,93,0.0011285364050278243,4.921951905498523e-4,9.997210080907653e-4,7.52002108706944e-4,0.43613585557101914,-1.1971504928464654,0.7522119697605367,-0.4107888310819031
produces,71,8.950461143324124e-4,3.86724792574884e-4,6.89729997830063e-4,4.57403344471234e-4,0.4320724780346432,-1.2106547571962127,0.6631628983953949,-0.5925647994503335
draws,167,0.0028797135852434135,0.0011953311770496414,0.002631048699587712,0.0012714262456488539,0.4150868277924951,-1.2685149441551073,0.4832393432505022,-1.0491901774724248
raises,317,0.003268864069735767,0.0013359583743495992,0.00460724138999969,0.0025893680856507143,0.4086919326864482,-1.290914329111672,0.5620213629941556,-0.8313031251173807
coughs,72,7.783009689847064e-4,3.1641119392490505e-4,6.044824700083697e-4,4.6515594353006845e-4,0.40654092251441426,-1.2985275132215472,0.7695110555044348,-0.3779860410995067
immediately,79,7.783009689847064e-4,3.1641119392490505e-4,6.122322452648873e-4,7.52002108706944e-4,0.40654092251441426,-1.2985275132215472,1.2282954949254334,0.29665767616424815
died,52,7.004708720862357e-4,2.812543945999156e-4,3.603645494280666e-4,4.496507454123995e-4,0.40152189877966843,-1.3164494212188096,1.2477663136566535,0.319347766173764
pours,186,0.003502354360431179,0.0013711151736745886,0.0017243249945751574,0.0016125406042375705,0.3914838513101767,-1.3529752972439237,0.9351720872287602,-0.0966962255584449
shows,146,0.0020235825193602366,7.73449585149768e-4,0.0016080783657273939,0.001325694439060695,0.38221796133833824,-1.387532519280292,0.824396663318727,-0.2785894291941661
lunges,73,7.39385920535471e-4,2.812543945999156e-4,6.044824700083697e-4,5.504345331772477e-4,0.38038916726494904,-1.3944519332200829,0.9105880823469146,-0.13512951720334299
pounds,70,7.39385920535471e-4,2.812543945999156e-4,6.393564586626987e-4,4.1864034917706163e-4,0.38038916726494904,-1.3944519332200829,0.6547839526837737,-0.610909129928124
fills,58,8.56131065883177e-4,3.1641119392490505e-4,5.11485166930159e-4,5.271767360007443e-4,0.36958265683128566,-1.4360310369714824,1.0306784440392733,0.04359430404610924
heard,64,8.56131065883177e-4,3.1641119392490505e-4,5.076102793019002e-4,4.1864034917706163e-4,0.36958265683128566,-1.4360310369714824,0.8247278793345241,-0.27800991721975843
snatches,72,0.0014398567926217068,5.273519898748418e-4,6.742304473170278e-4,6.124553256479235e-4,0.36625308334631923,-1.4490871897969284,0.9083768436816719,-0.13863716551740213
crashes,50,5.837257267385298e-4,2.1094079594993672e-4,5.618587060975232e-4,1.3954678305902053e-4,0.36136970890170156,-1.4684525146638596,0.24836632688005206,-2.0094585064183987
fishes,46,7.783009689847064e-4,2.812543945999156e-4,4.0298831333891315e-4,3.4886695764755135e-4,0.36136970890170156,-1.4684525146638596,0.8656999374424892,-0.2080610396571942
grins,124,0.0032299490212865313,0.0011250175783996624,0.001627452803868688,8.760436936482956e-4,0.3483081531582666,-1.5215638511234222,0.5382913050171498,-0.8935409730967119
smashes,79,0.0013231116472740008,4.570383912248629e-4,0.0010849685359124585,3.876299529417237e-4,0.3454269276266265,-1.5335475428857446,0.35727299005563046,-1.4849012450160186
aims,87,0.0012452815503755303,3.86724792574884e-4,0.0010307201091168355,4.4189814635356504e-4,0.31055209358739977,-1.6870928011392001,0.4287275880667566,-1.2218668391822245
gazes,98,0.002218157761606413,6.328223878498101e-4,0.0013872097709166434,9.845800804719781e-4,0.28529187544871176,-1.8094894324989266,0.7097557277306267,-0.4946055083378675
hurls,64,0.0012452815503755303,3.5156799324989455e-4,7.827273009082737e-4,4.0313515105939264e-4,0.2823200850794544,-1.8245963248891348,0.5150390826940573,-0.9572461824564795
knew,66,0.0012452815503755303,3.5156799324989455e-4,5.269847174431941e-4,3.7212475482405476e-4,0.2823200850794544,-1.8245963248891348,0.7061395568158343,-0.5019747583749601
ever,43,6.615558236370004e-4,1.7578399662494728e-4,3.4873988654329026e-4,1.783097783531929e-4,0.2657130212512512,-1.9120591661394744,0.5112973457685022,-0.9677655581184389
yells,86,0.001206366501926295,3.1641119392490505e-4,0.0010345949967450945,3.566195567063858e-4,0.2622844661383318,-1.9307957287210602,0.34469483984393406,-1.536608393476318
fixes,42,5.837257267385298e-4,1.406271972999578e-4,3.371152236585139e-4,3.023513632945445e-4,0.24091313926780103,-2.053415015385016,0.8968784026224101,-0.15701569483225689
disappears,165,0.002801883488344943,6.679791871747996e-4,0.0011934653895037044,0.0016047880051787361,0.23840362740042814,-2.068521907775224,1.3446456171184638,0.42722599895864716
dies,64,4.669805813908238e-4,1.0547039797496836e-4,5.618587060975232e-4,2.9459876423571e-4,0.2258560680635635,-2.146524419776497,0.5243289123023321,-0.9314559944171258
jams,50,3.5023543604311786e-4,7.03135986499789e-5,5.386093803279705e-4,2.713409670592066e-4,0.20076094938983421,-2.3164494212188096,0.5037806190712486,-0.989132473624318
bows,62,0.0022959878585048837,4.2188159189987344e-4,9.222232555255897e-4,6.512183209420959e-4,0.18374730961103472,-2.444204968417182,0.7061395568158343,-0.5019747583749601
chuckles,59,0.0011285364050278243,1.7578399662494728e-4,6.044824700083697e-4,1.240415849413516e-4,0.15576280556107827,-2.682577320016707,0.20520294813451598,-2.284876636708025
strikes,56,7.783009689847064e-4,1.0547039797496836e-4,5.889829194953346e-4,3.9538255200055817e-4,0.1355136408381381,-2.883490013942703,0.6712971444729476,-0.5749765893178669
